7274.31,12769.5,-10743.5,1814.67,1846.51,1693.42,1827.79,1704.42,40790.6
4897.88,6787.74,-2570.94,-4161.83,1373,1477.8,1285.98,1348.4,40402.7
3997.74,4630.32,-1613.6,-895.904,-2517.39,1183.93,1414.63,1179.73,53921.7
3478.22,3452.52,-951.761,-328.23,-317.701,-2011.5,1169.88,1295.44,58194.7
3145.28,2807.96,-718.825,69.5357,150.566,-91.0198,-1795.04,1126.08,60276.3
2890.64,2253.22,-427.075,203.395,517.123,381.55,18.6326,-1830.69,61152.9
2694.91,2031.63,-276.674,400.115,521.881,692.124,444.244,86.2986,62105.4
2586.58,3580.77,-2654.61,77.0881,589.852,706.733,678.918,478.061,60545.7
2423.32,2885.3,-857.302,-1785.24,358.299,722.084,670.299,564.498,65165
2297.42,2565.36,-552.844,-398.559,-1402.81,468.617,786.775,649.47,66538.4
2198.58,2296.59,-368.71,-86.6321,-151.028,-1184.32,515.545,714.474,67220.2
2103.96,1948.8,-201.886,95.5844,150.39,-66.9035,-1160.25,499.505,67808.9
2025.94,1631.17,-72.3712,239.48,303.221,255.444,-4.9071,-1164.06,67679.6
1952.51,1627.91,-218.827,332.56,406.484,434.166,296.411,-15.9749,67715.9
1899.82,2631.52,-1684.1,-20.5134,450.951,494.757,450.848,331.189,67294.1
1836.51,2320.43,-587.585,-1306.25,162.064,559.07,488.306,429.421,69207.7
1776.77,1980.67,-293.995,-304.582,-1094.2,215.481,614.079,491.751,69440.3
1723.94,1752.84,-135.451,-4.56441,-159.543,-982.102,245.891,582.52,69949.4
1677,1473.22,-32.8257,172.006,181.402,-77.4171,-990.918,211.427,70259
1635.08,1290.81,63.466,230.69,301.006,248.151,-39.3812,-983.824,69745.8
1596.35,1399.38,-223.957,298.192,333.628,397.035,279.521,-62.647,70328.7
1563.68,2178.29,-1328.16,-77.387,382.57,418.551,439.46,263.209,70125.4
1519.65,1877.84,-480.229,-1073.5,27.5986,456.251,423.934,441.018,71425.2
1486.35,1606.42,-178.462,-294.122,-930.197,83.0699,481.739,431.126,71391.1
1455.52,1294.7,45.2046,44.9794,-185.991,-875.615,114.286,452.08,71428.7
1425.75,1086.59,71.3375,273.963,152.535,-142.079,-845.458,94.1122,71757.5
1396.72,1012.38,38.4609,270.711,354.717,205.018,-104.534,-822.355,71344.5
1366.56,1176.48,-237.427,196.317,347.868,406.771,237.798,-106.566,71707.7
1346.3,1722.81,-1062.43,-121.095,268.589,399.508,434.515,226.837,71647.6
1316.22,1534.21,-451.084,-867.209,-32.3885,328.472,418.698,412.093,72322.6
1296.07,1303.29,-98.3595,-305.198,-802.586,18.5252,356.508,429.743,72019.3
1276.82,1019.77,129.629,73.0597,-244.09,-747.076,30.0388,333.384,72539.7
1251.15,826.284,179.309,264.64,143.592,-216.19,-738.089,50.3743,72467.1
1236.2,833.443,66.046,327.878,326.728,157.299,-201.027,-723.454,72335.8
1209.68,930.986,-169.295,183.399,373.118,373.158,178.152,-206.783,72469.4
1194.71,1386.87,-913.415,-85.457,221.68,433.016,393.366,195.946,72353.7
1179.39,1290.11,-444.582,-785.718,-31.6087,258.308,439.532,373.467,73250.3
1171.72,1002.98,-71.2666,-321.406,-724.252,23.1466,269.787,456.953,73072.4
1151.87,777.838,124.808,61.7727,-260.277,-679.318,51.6231,254.248,73286.8
1132.73,566.871,242.585,255.444,119.067,-237.601,-666.485,62.2868,73163.9
1119.52,584.568,17.4524,352.3,298.589,162.527,-242.371,-655.774,73086.7
1100.06,750.747,-114.364,98.4376,394.838,335.575,199.405,-238.322,73245.5
1092.91,1197.14,-802.712,-51.7093,110.78,411.468,357.72,230.835,73307.1
1076.23,1171.64,-457.116,-699.71,-12.13,129.828,427.953,363.94,73671.5
1058.25,814.034,20.9154,-356.865,-654.399,28.2928,157.259,442.311,73262.7
1040.91,604.063,170.319,127.765,-311.883,-620.714,39.2689,147.267,73646.3
1026.85,436.809,296.089,269.315,175.994,-294.329,-604.687,35.4535,73838.9
1014.2,555.134,-32.2922,388.501,305.609,186.624,-293.772,-592.167,73566
999.073,641.805,-124.271,66.1599,416.183,334.496,212.18,-308.309,73605.5
990.08,1046.46,-701.564,-77.6674,89.8377,432.194,366.008,219.763,73730.4
981.169,1064.1,-469.666,-622.469,-44.6146,109.923,452.13,349.747,74218
973.646,736.885,61.1557,-379.251,-587.935,-18.0171,115.361,467.492,73834.9
962.061,577.578,168.079,150.395,-340.306,-568.624,-2.31183,128.375,74066.3
949.523,310.715,312.468,273.062,192.123,-314.446,-574.889,3.61998,73876.3
940.327,497.171,-16.4596,380.358,284.376,215.88,-297.599,-575.466,74087.5
923.406,607.535,-128.455,52.6961,408.01,310.699,230.461,-296.846,73865.9
914.132,1008.66,-679.442,-85.8483,64.4735,427.279,332.582,229.023,74177.1
905.536,1012.71,-431.028,-592.644,-69.3698,87.8602,440.469,331.004,74246
898.845,720.051,61.3735,-361.351,-562.811,-26.092,120.76,437.697,73939.9
888.382,532.749,176.489,154.562,-329.475,-531.318,-25.5381,109.287,74433
877.092,323.337,309.809,267.294,192.764,-303.59,-520.609,-40.1698,74124.8
871.123,493.191,-28.0094,374.336,299.706,199.587,-283.041,-530.358,74507
862.631,561.034,-131.747,28.8253,405.822,325.567,207.489,-287.886,74278.8
858.149,978.772,-643.252,-103.135,53.9436,441.372,336.851,202.696,74341.3
848.62,991.889,-404.433,-571.745,-91.0968,79.4456,452.3,326.31,74544.8
839.036,662.878,39.0802,-313.804,-525.354,-69.9802,88.1412,468.274,74196.3
830.881,448.605,183.31,105.731,-287.165,-491.139,-66.5984,81.8971,74487.1
822.026,280.748,354.789,265.987,127.53,-268.178,-480.148,-80.2907,74206.1
819.154,366.62,-13.7713,423.667,265.482,140,-265.029,-474.61,74234
809.799,534.367,-162.584,40.6808,449.626,278.627,143.146,-262.944,74503.4
802.965,900.42,-576.586,-139.095,50.9821,472.3,298.778,141.392,74368.6
794.096,872.226,-344.117,-519.943,-105.067,67.3736,478.242,293.105,74631
786.391,642.757,-24.8,-273.213,-492.869,-83.4616,71.4047,493.755,74435.4
779.18,420.153,191.04,59.6457,-257.489,-472.375,-75.8181,59.0198,74542.5
769.225,257.052,363.654,276.456,103.987,-241.131,-475.383,-84.1159,74516.2
763.028,393.688,-20.0259,415.944,287.23,104.466,-232.451,-481.933,74394.2
757.629,537.095,-145.746,11.376,418.736,307.463,110.936,-223.773,74538.4
749.795,822.597,-548.847,-97.2517,19.7476,434.865,311.501,96.4883,74469.8
742.554,797.787,-309.127,-483.21,-64.4766,41.7213,445.519,282.702,74801.5
737.991,629.05,-31.5504,-263.044,-473.333,-53.4916,54.291,485.262,74566.1
729.618,435.576,173.59,57.945,-246.107,-461.844,-43.142,34.4468,74489.3
723.754,203.187,365.083,240.052,84.0415,-225.988,-451.03,-57.8376,74384.6
721.112,371.404,-32.123,420.813,251.515,102.494,-224.589,-467.103,74508.6
712.981,521.556,-118.941,2.50056,439.273,266.77,105.836,-233.687,74558.5
706.101,835.119,-520.578,-81.4306,16.2112,432.407,283.909,98.4751,74647.4
700.37,770.47,-312.671,-456.278,-74.8996,19.4868,439.114,288.783,74640.3
694.442,637.925,-17.8397,-249.886,-457.403,-54.5847,38.6844,439.681,74680.9
687.181,388.254,204.769,51.0638,-234.58,-429.317,-55.1313,22.3861,74917.4
677.854,264.76,336.132,268.062,63.8151,-224.163,-424.728,-51.1283,74621.1
674.359,419.127,-25.9927,364.784,281.007,69.5933,-221.387,-424.342,74546.3
674.804,582.983,-112.385,9.35206,381.369,297.679,73.8246,-222.049,74848.9
672.384,828.696,-478.199,-85.7329,19.2725,396.831,301.78,66.6657,74801.3
667.153,892.084,-307.692,-422.274,-71.8164,29.6765,381.222,306.424,74888
663.401,754.284,-5.99692,-245.147,-408.51,-52.9311,31.7694,374.147,74791.8
657.802,563.118,200.416,53.7134,-228.711,-382.791,-52.9488,16.9113,74923.6
650.267,399.16,288.093,256.222,63.7211,-208.353,-376.503,-42.6682,74756.6
645.074,532.084,-31.6686,322.358,261.763,61.3963,-212.266,-379.232,74801.4
641.679,614.025,-90.5233,6.27458,332.89,263.776,96.795,-222.315,74890.9
637.011,887.811,-449.794,-70.2991,13.2611,347.044,268.323,98.0909,75091.7
629.481,974.45,-277.993,-395.608,-65.6147,23.898,345.314,277.321,74918
622.818,791.005,-4.24807,-239.002,-370.402,-58.3636,36.7608,346.408,74932.9
613.992,654.754,210.287,53.9517,-228.099,-358.253,-54.2394,30.4193,75007.6
608.644,560.096,266.321,280.522,59.9865,-234.563,-340.454,-56.4163,74994.5
600.783,596.013,-35.712,307.283,276.815,88.6881,-239.653,-341.066,74918.3
594.958,751.226,-142.554,9.38293,315.614,293.771,108.57,-246.531,74987.2
588.143,1016.38,-380.23,-133.757,11.7723,329.714,313.098,102.37,75036.5
584.671,1174.86,-288.482,-342.704,-120.695,16.2453,328.742,305.53,74945.8
578.311,1009.84,24.6184,-251.033,-324.795,-117.835,9.66692,340.905,74949.1
571.591,879.434,226.943,84.7463,-232.116,-308.556,-116.176,3.07295,74924.6
565.455,688.435,247.306,294.307,111.707,-228.088,-317.155,-121.758,74787.7
560.688,709.255,-58.5917,295.511,307.249,110.374,-216.666,-325.712,74980.6
562.604,1002,-155.059,-45.2894,305.098,309.702,129.869,-223.15,74958.7
561.311,1292.62,-346.651,-135.712,-48.2281,304.126,310.661,133.928,74732.4
557.829,1468.67,-260.334,-313.326,-124.021,-52.5539,315.118,293.511,75009.2
548.425,1233.25,45.6977,-197.916,-298.582,-102.691,-50.3592,303.141,75033.8
540.071,1050.09,203.537,101.082,-190.456,-291.822,-89.2134,-54.3717,75123.4
536.527,932.541,240.115,260.923,113.397,-189.723,-298.814,-73.2031,75079.6
532.892,981.839,-111.027,268.776,273.52,121.437,-193.839,-295.279,75115.8
526.213,1216.43,-105.342,-84.6303,287.053,287.928,120.232,-203.895,75237
523.678,1621.18,-315.46,-105.433,-76.6445,289.987,298.42,122.704,74863.3
519.616,1775.23,-275.084,-281.594,-96.6856,-59.9128,289.066,301.995,74978.4
513.393,1783.08,67.324,-245.563,-277.126,-94.4944,-37.7278,291.694,75058.9
507.799,1642.27,213.614,123.747,-245.76,-267.532,-110.6,-15.7963,75056.3
500.217,1509.3,219.961,284.048,115.687,-231.122,-268.712,-116.369,75029.3
493.856,1380.51,-77.0121,274.031,301.38,119.604,-219.084,-267.566,74959.6
489.19,1575.42,-178.131,-76.1324,288.468,311.795,140.812,-224.981,74976.5
488.703,1810.01,-289.961,-170.118,-73.4361,292.525,325.894,132.975,75256.3
489.54,1950.24,-258.566,-265.489,-157.885,-74.274,289.455,327.953,75111.7
484.171,1859.26,77.1502,-224.197,-253.061,-156.154,-73.9176,288.147,75071.4
476.946,1621.3,253.173,142.765,-215.282,-244.751,-177.31,-74.2369,75056.7
469.641,1537.39,260.588,297.395,147.244,-198.141,-249.543,-181.269,75009.2
461.524,1316.8,-148.269,315.263,303.7,147.946,-191.923,-248.433,74912.9
456.533,1234.1,-240.753,-109.601,319.285,318.311,155.041,-195.986,74914.6
455.267,1437.62,-266.989,-221.647,-113.543,329.293,317.524,152.204,75179.5
453.953,1624.96,-238.246,-230.036,-215.648,-124.511,330.924,314.706,75089.7
451.106,1531.69,110.675,-207.445,-215.488,-218.167,-127.487,327.839,75310.6
444.32,1349.44,254.621,165.329,-191.426,-206.484,-216.346,-132.306,75077
439.232,1180.82,239.31,311.48,180.563,-180.247,-191.004,-231.31,74866.6
432.927,1099.29,-187.309,283.872,322.006,177.438,-175.72,-190.263,74899.9
427.632,1276.65,-249.516,-169.599,279.423,328.573,178.753,-175.759,75021.6
424.62,1446.27,-223.173,-236.312,-174.707,276.838,341.845,181.268,75026.6
421.766,1545.33,-189.482,-200.737,-232.993,-170.388,271.584,344.792,75078.9
417.402,1343.12,94.111,-141.385,-184.235,-223.374,-175.538,276.978,74969.8
409.657,1074.47,283.671,142.415,-121.255,-183.079,-224.241,-176.479,75174.5
403.102,839.363,214.546,320.801,152.725,-106.744,-197.98,-208.475,75052
400.07,908,-218.761,241.257,336.545,171.063,-100.586,-213.173,75012.3
400.473,1128.93,-261.158,-209.433,249.827,344.968,174.224,-95.9304,75131.2
397.081,1280.68,-237.624,-230.936,-221.077,255.137,345.558,176.8,75208.6
391.495,1256.66,-126.044,-216.838,-214.307,-233.948,258.082,359.116,75137.2
387.636,1140.6,86.026,-92.4786,-212.225,-204.106,-233.419,265.78,74905.7
379.349,863.396,326.591,141.12,-81.3846,-226.227,-202.54,-244.863,75042.3
372.113,627.063,225.671,370.322,135.962,-77.4195,-220.171,-207.154,75058.7
367.251,787.499,-243.797,240.118,401.086,120.969,-79.9949,-217.489,74999
365.354,993.591,-236.053,-238.754,234.158,407.791,126.919,-75.1662,75087.2
363.654,1083.94,-256.713,-202.31,-239.581,236.488,413.238,126.811,75141.5
356.338,1040.42,-121.709,-224.099,-188.985,-247.288,243.317,415.423,75082.4
350.345,850.782,64.3748,-82.8212,-222.88,-181.341,-242.563,248.056,75066
342.857,609.705,336.945,113.908,-74.0024,-220.227,-169.171,-247.959,75081.8
338.615,490.907,213.226,369.446,120.991,-74.2921,-224.066,-172.881,75299.1
339.594,641.382,-246.693,217.079,375.31,121.29,-66.1058,-230.743,75091.3
333.532,757.359,-176.277,-229.915,215.076,371.145,116.68,-66.7086,75084.8
334.799,871.308,-256.558,-154.368,-236.604,215.331,372.094,116.1,75203.4
331.792,975.142,-90.8342,-239.919,-129.459,-247.293,211.453,376.806,75278.4
328.311,829.044,61.995,-55.1808,-226.887,-132.987,-249.542,222.425,74974.9
324.783,595.62,322.524,95.8704,-37.5839,-228.928,-139.464,-249.894,74978
319.917,483.948,171.596,356.319,108.306,-33.2895,-228.243,-129.555,74931.8
319.852,670.659,-276.88,189.132,365.607,123.794,-45.6106,-234.88,74910.2
318.026,790.251,-149.975,-260.961,191.806,368.357,122.648,-42.2914,75078.3
315.609,932.781,-243.021,-135.977,-259.323,195.825,359.469,134.972,75202.2
308.359,792.003,-101.245,-222.645,-124.323,-250.184,195.291,349.525,75101.6
305.784,729.037,98.9236,-75.1381,-209.572,-125.792,-229.975,193.867,75335.2
303.975,576.027,295.413,127.518,-70.6743,-210.989,-130.307,-227.02,75216.3
300.531,484.238,172.688,328.173,129.471,-53.7824,-214.479,-126.837,75018.4
302.904,632.46,-250.217,179.071,335.641,132.672,-50.8753,-210.198,75055.7
301.07,717.922,-173.778,-224.303,186.663,332.066,136.614,-48.7354,75175.4
295.146,705.373,-267.56,-133.797,-211.88,188.414,338.222,139.609,75279
290.075,664.602,-74.1149,-245.4,-132.94,-209.163,186.922,340.599,74951.7
286.173,646.675,82.0885,-35.137,-246.241,-140.793,-199.215,193.163,75343.3
283.333,574.681,299.248,110.484,-26.9924,-253.121,-161.047,-183.78,75249.2
279.637,523.491,164.242,345.543,114.088,-27.7674,-249.035,-167.351,75156.5
276.666,565.462,-209.861,192.192,353.158,114.859,-28.6188,-255.211,75046.1
271.332,733.961,-180.487,-204.016,213.809,354.219,110.011,-24.2901,75227.7
268.858,865.767,-286.868,-164.54,-211.941,222.073,357.178,112.717,75180.2
265.422,869.577,-62.8136,-258.207,-177.719,-214.92,224.129,362.973,75184.6
261.622,686.355,62.7534,-36.4223,-239.333,-173.915,-210.093,221.739,75368
260.27,507.307,327.125,102.534,-28.8693,-246.156,-172.672,-217.723,75161.1
254.652,401.839,203.106,344.258,111.151,-31.4698,-241.287,-168.609,75011.8
256.837,581.608,-245.397,213.812,340.216,126.586,-28.7439,-257.66,75125.7
252.904,735.792,-152.521,-244.985,219.994,327.084,133.978,-26.9307,75076
247.622,827.966,-270.001,-146.112,-237.349,221.833,320.486,141.595,75161.1
243.194,850.854,-55.1552,-257.547,-136.104,-242.059,220.416,336.855,75316.7
238.745,727.76,84.705,-28.873,-247.809,-140.316,-246.149,225.336,75157.5
234.461,570.596,314.584,120.571,-26.877,-252.721,-140.458,-239.072,75179
230.46,427.545,188.214,337.324,124.158,-33.6045,-249.036,-139.583,75185.3
229.346,560.722,-237.734,196.776,343.107,117.805,-35.9587,-249.038,75029
225.713,708.479,-148.919,-220.855,199.012,341.64,110.124,-32.3543,75094.5
226.939,841.122,-268.358,-135.702,-207.959,199.703,328.131,110.464,75224.6
223.359,910.925,-61.8884,-246.427,-131.281,-203.606,198.876,328.411,75183.1
216.87,773.733,69.9991,-31.3384,-253.954,-130.299,-202.982,204.558,75161.1
212.773,561.808,288.318,104.617,-24.1619,-258.331,-121.935,-205.83,75121.9
208.464,445.17,161.374,318.042,95.7056,-8.75175,-252.742,-123.278,74870.4
207.364,559.28,-208.55,165.104,315.783,96.2223,-6.01303,-243.344,75235
205.524,660.365,-131.688,-199.195,148.583,329.025,90.6627,-4.04169,75256.9
206.309,869.159,-247.068,-117.918,-197.165,157.074,320.56,83.1997,75375.2
203.269,804.683,-39.1436,-213.233,-123.077,-187.673,167.353,315.149,75265.4
200.525,829.759,56.0611,-17.4955,-206.39,-126.515,-194.184,171.454,75086.7
198.82,649.665,268.857,86.6303,-12.7067,-224.113,-122.557,-186.71,75066.6
195.898,570.14,152.473,297.386,95.4384,-37.8906,-217.495,-120.866,75125.6
192.918,669.231,-188.085,159.033,317.222,93.1199,-45.015,-215.108,75160.4
189.477,788.74,-119.632,-176.53,162.906,319.629,86.4346,-36.0881,75313.8
187.373,993.967,-252.872,-127.686,-166.777,179.684,315.266,85.7344,75242.1
182.708,978.244,-54.4817,-241.941,-120.675,-155.688,173.819,302.491,75337.3
176.485,808.338,75.8112,-28.1985,-251.001,-110.571,-151.296,167.489,75233.6
175.688,746.277,254.074,96.5774,-18.0849,-260.051,-105.699,-145.398,75179.1
171.542,651.332,144.938,279.254,103.156,-18.1513,-266.633,-103.477,75205.1
169.675,722.994,-159.558,155.56,282.576,107.689,-25.8786,-255.839,75084
169.553,944.449,-106.585,-171.053,162.407,282.835,111.965,-29.4419,75085.2
168.453,981.303,-276.225,-85.6838,-172.412,161.637,302.356,91.3602,75085.7
170.185,1087.89,-32.5873,-281.234,-91.7364,-172.859,166.59,312.013,75136.9
169.298,1147.82,74.037,-19.2689,-269.912,-79.8123,-187.758,169.825,75270.8
166.616,1123.47,292.114,80.0211,-16.9782,-271.124,-65.4708,-184.915,74895.1
163.028,1013.26,124.018,311.853,80.7704,-12.4905,-260.727,-67.387,75078
164.299,1034.99,-194.783,136.703,323.163,76.9613,-7.79352,-260.648,75248.3
165.736,1261.28,-60.9304,-198.485,134.543,322.737,75.3038,-10.6664,75226.8
168.726,1674.97,-233.222,-76.5738,-209.317,140.335,320.279,74.4376,75193.9
169.731,1680.72,-32.812,-205.236,-73.3328,-198.428,126.071,329.038,75283.5
167.941,1728.28,40.5005,-26.4114,-196.951,-84.5671,-192.497,132.415,75430.6
164.087,1612.37,295.749,50.5705,-8.54414,-200.599,-81.9716,-192.018,75104.6
160.532,1488.38,109.92,322.288,58.0866,-12.6058,-209.889,-80.5532,75079.3
158.6,1311.64,-221.893,147.49,333.682,53.3346,-23.434,-207.962,75236.4
161.324,1677.05,-58.3581,-236.58,152.402,337.379,47.7916,-24.8285,75386.5
168.225,2154.41,-187.012,-84.0362,-229.211,146.801,347.051,46.6868,75265.9
171.47,2380.07,-39.8058,-193.689,-88.4557,-225.11,144.186,347.079,75308
172.424,2469.08,40.4428,-30.3753,-199.507,-92.484,-220.692,158.915,75361.3
171.067,2378.6,313.027,58.9511,-33.4528,-201.323,-90.0668,-209.032,75335.7
167.566,2163.87,137.62,330.5,61.514,-20.7162,-202.514,-96.4987,75142
162.537,1967.11,-254.926,163.09,333.585,63.2765,-22.2497,-199.517,75095.7
156.511,1659.09,-126.275,-227.637,173.163,345.575,47.8953,-29.5347,75223.2
158.19,2012.6,-161.623,-138.799,-224.399,167.805,351.531,37.1432,75300.4
161.986,2406.27,5.75793,-173.842,-145.038,-228.048,162.436,344.457,75288.8
159.105,2518.7,29.5691,19.6128,-177.954,-137.601,-238.036,163.065,75315.9
152.671,2491.52,305.906,41.295,17.0339,-169.161,-139.048,-227.516,75268.5
147.643,2200.23,117.718,339.65,53.2251,10.913,-166.986,-138.45,75210.7
142.818,1920.54,-256.901,148.636,330.19,59.3112,8.65287,-161.617,75163.8
144.448,2095.42,-115.19,-267.663,157.562,315.914,52.1135,6.88501,75141.9
146.066,2367.1,-121.341,-137.271,-257.914,161.067,309.22,49.1266,75140.8
147.254,2510.19,-24.6688,-111.578,-135.014,-251.92,158.323,309.183,75108.2
144.154,2511.85,43.7203,-5.97385,-104.106,-135.202,-252.18,157.027,75156.4
141.673,2430.35,252.725,59.0501,-1.60417,-93.5429,-137.063,-241.114,75186.6
137.403,2159.73,107.711,288.333,67.0096,2.36695,-92.8242,-130.165,75069.9
134.129,1987.07,-288.305,141.483,288.588,75.6884,-0.137754,-97.5592,75078.5
133.903,2208.86,-91.2145,-305.705,134.99,286.585,86.0964,-5.46141,75269.4
137.906,2647.04,-53.3611,-118.634,-313.162,123.979,281.592,94.701,75178.9
139.935,2866.8,9.32753,-62.4971,-117.53,-309.949,107.453,285.026,75442.5
138.9,2817.91,76.6883,23.5066,-60.8789,-128.95,-302.099,108.055,75246.8
140.32,2823.4,251.946,94.8708,19.0269,-51.572,-122.429,-296.92,75223.4
134.907,2550.11,47.2123,289.603,107.146,16.995,-60.739,-129.872,75197.9
131.268,2269.55,-318.406,75.5291,295.83,98.9789,26.0295,-62.8982,75284.3
127.884,2435.23,-98.4904,-327.016,81.8049,274.679,104.604,29.059,75297.9
130.428,2828.09,-35.5981,-114.915,-337.08,83.2186,277.099,111.33,75151.2
134.323,3048.18,32.7762,-47.3276,-119.419,-334.198,89.0713,284.683,75100.7
135.363,2901.99,73.8007,40.5023,-52.6523,-113.256,-330.508,88.5718,75070.9
135.248,2850.17,272.678,90.8434,46.645,-52.1994,-116.692,-327.142,75292.3
131.681,2564.76,46.8525,308.31,94.6605,49.7493,-59.6309,-113.46,75012.8
131.234,2350.61,-371.757,64.1677,321.285,94.0167,61.085,-47.8592,75248.8
133.954,2706.01,-114.812,-387.125,64.0579,319.215,92.9414,66.8272,75242.5
134.715,3080.91,-4.70562,-130.864,-391.074,72.7209,313.072,80.3059,75217.2
140.693,3514.53,110.634,-23.324,-150.926,-386.308,86.7294,307.161,75223.3
143.482,3793.08,71.599,92.5487,-31.8187,-151.376,-388.454,92.688,75176.7
140.116,3598.02,276.849,91.0152,92.7415,-26.0995,-154.851,-375.194,75325.4
134.631,3217.11,29.7334,315.067,116.27,91.6435,-25.3305,-149.435,74861.7
129.342,3039.44,-408.964,59.0044,314.416,118.295,94.7498,-24.4955,75326.1
132.424,3454.47,-117.337,-431.453,56.3829,303.098,121.886,99.897,75093.8
131.808,3724.97,-31.9267,-119.318,-432.504,55.3813,301.808,127.476,75327.7
134.565,4245.33,133.364,-57.2846,-123.641,-424.153,57.7965,290.454,75374.4
130.824,3609.35,39.6661,186.233,-44.2383,-120.436,-425.605,53.5212,75143.2
127.324,3156.19,246.639,76.1018,191.438,-40.5075,-112.098,-417.939,75240.7
128.477,3189.18,51.4314,261.199,69.7962,192.2,-40.0239,-123.201,75177.2
130.009,3579.85,-374.793,30.6021,257.256,83.637,176.384,-27.3646,75271.4
135.304,4550.65,-55.5147,-438.508,28.4905,262.033,75.4631,163.872,75068
143.154,5490.08,65.3442,-105.426,-452.228,19.006,256.533,80.6309,75187.8
155.086,6796.9,286.783,-29.1505,-123.981,-467.057,22.3343,257.342,74830.7
158.97,7556.23,138.857,248.231,-52.9824,-118.476,-469.782,8.28708,75054.1
158.474,7453.39,213.895,168.622,241.435,-34.7715,-121.102,-476.36,75161.7
148.27,6735.22,-88.8638,279.651,178.875,240.983,-27.8016,-113.556,74870.4
140.888,5955.85,-564.792,-31.0453,290.77,177.377,242.86,-24.4786,74922.6
130.371,5257.73,-183.879,-508.223,-13.0464,290.596,178.21,237.237,74861.3
136.692,5784.09,48.0116,-219.56,-509.627,-14.613,285.731,181.798,75240.5
137.993,6297.93,280.355,12.4283,-230.563,-498.87,-7.62937,278.199,75319.3
138.979,6509.92,191.64,271.962,2.55953,-230.713,-486.584,-19.1313,75224.5
140.979,6727.53,290.763,178.175,277.421,-19.3158,-225.824,-489.867,75234.7
136.784,6273.8,-95.8469,349.076,195.475,267.485,-22.8142,-222.549,75019.1
135.464,5834.39,-517.403,-59.1187,346.408,198.588,265.084,-11.7675,75229
130.167,5726.37,-232.996,-494.047,-58.9207,348.368,198.273,259.076,75185.6
130.896,5731.98,-22.1196,-233.375,-488.131,-62.1073,347.075,213.142,75365.5
129.903,5667.03,209.181,7.75219,-249.111,-465.346,-76.6808,345.26,75392.3
119.66,5090.21,153.75,265.298,11.5073,-246.325,-465.568,-75.9105,75204.9
114.248,4693.53,312.948,186.126,269.437,4.84976,-236.293,-474.818,75200.7
105.56,4368.62,-115.225,338.834,200.696,275.507,10.9933,-236.387,74993.8
99.4854,3727.23,-540.94,-62.0669,330.115,204.958,279.39,30.7432,75069.1
99.4481,3986.86,-229.338,-573.951,-56.5944,341.592,202.757,279.392,75204.5
99.8717,4053.95,27.8027,-211.823,-579.171,-57.6675,350.989,190.987,75123
99.102,3931.7,258.73,43.1646,-211.213,-569.776,-67.9325,360.598,75204.4
95.5388,3615.92,146.154,299.483,36.5988,-214.068,-560.603,-77.0323,75031
91.6553,3289.83,310.898,183.226,307.193,38.3374,-215.476,-550.648,75138
87.3614,2975.93,-125.067,352.24,194.952,297.122,44.2321,-209.498,75013.2
84.6823,2608.03,-589.346,-96.2279,368.61,201.347,296.991,29.9242,75086.2
84.2827,2573.87,-214.171,-598.349,-90.3504,376.735,192.536,306.548,75350.1
85.845,2628.45,27.4714,-207.754,-594.907,-100.409,379.527,191.602,75168.6
86.3739,2509.95,269.195,52.9255,-193.457,-598.878,-103.799,380.949,75142.3
84.2884,2318.3,173.155,276.332,61.0241,-186.579,-606.48,-113.411,75355.8
80.4615,2134.78,351.564,198.665,276.289,73.218,-184.067,-609.788,75236
78.0619,1860.39,-114.936,354.033,192.367,274.799,78.8032,-182.351,75060.1
78.0693,1930.27,-604.202,-110.222,347.031,186.561,275.837,78.1037,75293.5
73.5386,1870.87,-190.548,-598.092,-110.031,354.13,186.101,282.121,75278.9
70.463,1874.05,77.0589,-200.074,-604.139,-110.807,363.671,190.655,75314.3
65.6629,1650.02,256.549,98.2426,-198.275,-604.514,-114.62,376.68,75120.5
57.2397,1330.58,151.486,278.692,110.245,-190.816,-621.627,-122.013,75085.7
54.5912,1132.74,360.685,167.44,278.884,108.791,-176.848,-623.498,75207.4
56.4316,1355.54,-80.8424,328.531,173.845,282.363,105.714,-176.804,75179.7
57.5843,1522.87,-616.25,-90.4639,328.554,167.151,283.715,105.17,75342.8
55.2631,1472.47,-181.639,-620.165,-93.4913,318.466,169.97,286.688,75285.6
53.7504,1426.35,115.578,-177.029,-626.191,-104.139,318.031,191.672,75275.7
50.3685,1339.52,264.244,118.387,-168.403,-639.404,-94.6532,327.804,75159.2
50.0515,1202.65,181.953,285.598,110.004,-163.703,-640.078,-100.941,75296.2
48.7704,1056.55,311.213,199.881,291.242,118.454,-160.035,-644.987,75274.9
46.3007,1108.35,-111.744,311.454,197.505,294.852,108.375,-158.45,75115.6
45.6,1298.54,-626.432,-122.006,310.404,185.308,288.494,114.088,75211.3
45.2634,1285.7,-168.186,-625.813,-125.829,306.352,187.505,282.854,75317.8
42.5889,1025.31,92.5749,-135.157,-630.496,-120.665,307.247,191.011,75207.7
43.3111,909.244,276.807,108.307,-137.36,-628.35,-116.532,309.649,75182.2
44.8172,914.373,181.409,290.023,107.166,-131.414,-622.077,-136.096,75306.6
44.8676,911.713,302.985,185.327,303.906,108.336,-128.1,-625.341,75028
43.1974,1047.03,-130.957,285.903,189.274,312.211,111.944,-128.283,75048.9
42.693,1214.26,-604.106,-148.251,280.767,183.964,297.044,118.552,75415.9
38.9591,1102.49,-139.972,-586.288,-135.577,268.3,175.097,303.555,75049.4
39.5048,1132.34,108.474,-129.733,-588.412,-141.372,277.657,188.242,75305.9
36.7622,1008,266.842,129.465,-133.164,-600.012,-129.949,273.051,75028.5
32.884,1014.26,192.086,276.59,115.145,-132.16,-600.749,-125.181,75233.1
26.9244,935.105,242.655,206.89,266.881,116.774,-136.814,-573.866,75203.5
27.7475,1071.67,-92.4725,226.226,200.868,267.037,123.271,-147.858,75086.3
28.7122,1106.24,-563.176,-88.694,205.795,210.127,270.382,128.411,75191.3
33.1659,1184.65,-154.853,-579.004,-78.6101,206.782,202.235,274.494,74969.1
30.4438,1184.43,126.634,-146.953,-580.2,-84.7742,213.498,198.046,75128.9
27.8816,1077.62,269.269,145.904,-142.421,-583.082,-92.2116,218.759,75274
26.3375,1081.39,185.178,257.359,137.016,-133.862,-579.179,-101.629,75100.1
27.2271,1100.34,223.9,191.923,252.784,122.719,-125.419,-585.52,75155.4
26.8094,1087.19,-84.0154,219.106,190.037,254.997,124.104,-127.845,75188.3
24.5772,1167.43,-552.684,-90.6612,199.222,192.639,250.423,123.124,75196.3
25.8842,1240.18,-117.743,-559.509,-92.073,204.354,185.374,257.556,75214.5
24.6444,1364.23,140.583,-145.29,-554.239,-107.6,208.384,201.612,75076.3
23.0829,1323.52,241.492,153.367,-145.484,-549.181,-103.62,197.963,75306.3
19.6853,1273.89,200.906,250.881,147.001,-148.073,-546.653,-113.019,75275.9
20.9458,1322.98,194.749,200.675,253.032,134.265,-132.59,-545.327,75167.2
15.793,1282.93,-108.188,191.184,210.85,246.187,134.093,-122.754,75301.5
13.9781,1358.01,-549.149,-111.184,181.279,206.684,242.458,134.153,75332.1
14.6576,1492.21,-101.977,-542.602,-112.987,180.342,213.249,239.777,75147
17.6184,1651.94,141.715,-118.09,-538.542,-116.015,180.378,217.233,75204.9
20.2357,1695.51,229.756,138.083,-112.233,-537.471,-110.122,173.048,75197.6
17.0919,1792.97,227.709,217.221,132.955,-113.921,-533.326,-97.8142,75119.5
17.0115,1837.27,178.518,229.191,205.652,126.743,-112.411,-534.579,75077
17.1086,1846.48,-98.6556,179.524,233.621,208.594,129.177,-107.417,75208.7
19.6003,1848.74,-539.737,-105.176,183.67,227.217,217.409,121.812,75363.4
21.107,2107.99,-89.3356,-568.778,-100.751,182.735,231.805,227.196,75295.5
23.0791,2492.9,167.417,-130.822,-582.267,-92.8241,188.29,229.992,75276.9
16.5464,2430.73,214.856,171.463,-138.025,-580.943,-86.9782,195.386,75437.9
16.6925,2528.65,214.597,203.784,186.251,-139.556,-575.805,-87.8684,75272.7
17.2635,2518.69,199.435,223.776,206.736,188.007,-151.165,-590.781,75213.5
17.6273,2549.75,-70.9568,201.783,213.304,216.951,196.378,-157.031,75235.2
14.2601,2314.53,-634.173,-47.3575,211.553,206.012,220.294,201.547,75277.6
18.6403,2591.1,-129.362,-660.084,-38.6609,212.729,193.449,228.714,75249.2
22.707,3030.69,225.403,-153.365,-669.937,-32.9942,211.699,193.916,74983.1
23.1469,3224.46,227.181,226.508,-160.882,-655.97,-33.8322,211.883,75440.4
22.8533,3269.51,196.776,231.174,225.053,-164.527,-657.828,-45.8926,75335.3
23.9198,3438.45,215.809,220.754,219.201,217.321,-169.364,-655.914,75183.1
22.7144,3142.52,-102.272,251.319,217.873,219.183,217.172,-151.541,75239.4
15.0118,2906.84,-667.423,-92.7363,255.697,218.482,219.779,214.516,75118.1
19.0196,3299.51,-115.67,-684.346,-93.1102,261.313,214.043,220.937,74998.5
25.1581,3772.34,244.967,-160.724,-678.456,-102.633,267.899,216.363,75147.2
24.7968,4126.47,243.074,225.491,-163.183,-669.281,-114.031,259.877,75190.4
22.4588,4219.98,233.215,235.906,210.373,-167.727,-664.141,-117.868,75077.7
26.5066,4431.08,296.885,217.408,235.149,207.999,-166.642,-678.133,75214.2
26.2692,4350.69,-137.169,312.992,212.845,242.068,201.442,-168.401,75262.9
21.9162,3891.39,-736.666,-103.331,321.785,205.61,255.852,207.362,75089.6
27.0552,4272.96,-128.986,-770.538,-116.155,326.651,206.238,256.04,74988.3
30.9773,4767.96,286.994,-162.23,-779.429,-117.428,335.349,193.63,75211
35.0841,5048.05,266.061,276.943,-178.62,-780.04,-102.665,330.975,75124.7
33.0278,4989.51,183.143,275.106,272.645,-196.425,-776.961,-101.198,75271
30.8504,5150.79,356.143,179.833,274.724,264.537,-189.319,-791.741,75240
31.5237,4969.27,-116.12,363.912,183.512,280.47,273.108,-194.937,75400.6
24.6178,4478.7,-851.268,-70.8546,371.351,179.592,278.679,286.925,75036.6
30.5773,4925.7,-141.295,-880.236,-73.7541,366.728,178.913,268.694,75011.9
34.5196,5283.88,314.776,-179.074,-884.814,-68.9067,367.624,174.305,75010.3
34.8305,5465.83,296.699,319.977,-193.84,-891.6,-77.7032,370.664,75299.6
29.8714,4904.88,105.79,330.585,332.704,-189.288,-896.138,-77.9684,75182.2
31.9686,5329.99,432.901,92.2527,324.65,334.213,-192.113,-895.5,75172.5
35.6385,5744.03,-59.8827,390.62,86.341,321.699,338,-187.486,75037.9
34.0521,5507.58,-922.284,-32.5461,388.384,80.8977,323.765,345.231,75066.4
26.949,4853.46,-272.214,-871.603,-20.0395,391.622,82.3264,338.596,75040.5
23.3889,4229.73,253.258,-215.311,-855.574,-28.5605,394.61,96.7361,75205.9
21.7357,4119.78,331.103,273.287,-217.319,-849.339,-29.6145,381.431,75291.2
30.5252,5180.98,225.169,258.553,249.118,-224.794,-845.318,-26.549,74854.9
43.3667,6221.74,481.837,150.548,247.539,222.111,-217.571,-838.389,74838.5
47.2103,6480.8,-21.3162,457.241,145.276,252.666,218.494,-214.911,75266.7
44.795,6065.47,-876.121,5.97652,460.07,148.771,256.338,212.415,74995.1
47.6999,6318.33,-189.314,-891.317,2.38917,454.276,165.741,257.286,75348.6
49.2448,6673.12,237.613,-215.056,-886.06,-4.09186,455.211,160.656,75068.2
51.612,6643.13,245.519,232.852,-203.609,-900.445,-6.95306,457.716,75093.1
47.7789,6379.07,115.912,273.632,223.239,-185.931,-902.11,-9.09308,75175.7
46.9888,6109.57,448.558,132.892,272.33,222.837,-183.908,-898.367,75099.3
44.7119,5618.59,-57.1764,501.345,138.347,277.835,214.32,-190.869,74981.3
33.8298,5005.94,-963.871,-0.302293,505.741,140.156,282.653,217.131,74912.1
38.2665,5302.63,-151.113,-986.342,14.7822,498.003,134.754,282.626,75208.6
40.3091,5471.43,222.732,-159.397,-1004.78,20.532,511.055,143.719,75094
40.5614,5447.47,269.055,225.249,-171.221,-1000.3,21.5403,500.649,75296.5
38.1496,5268.59,118.315,288.972,222.935,-164.755,-987.53,18.8897,75056.7
33.5586,4836.96,459.033,154.512,290.699,228.891,-169.697,-985.055,74935.9
23.9655,4359.96,-36.1831,493.327,166.313,304.905,217.344,-168.201,75222.3
17.5034,3978.79,-1031.63,3.54601,497.57,164.026,302.9,221.052,75197
15.8186,4047.63,-154.095,-1052.86,13.4481,505.853,156.779,304.913,75256
18.3953,4190.99,245.013,-160.398,-1057.37,10.0098,514.711,154.862,75282.2
17.2383,4019.68,255.24,264.233,-159.709,-1056.67,13.0664,511.12,75268.9
15.8442,3723.55,151.706,274.181,265.273,-157.22,-1044.78,15.2553,75062.9
13.2174,3383.24,460.037,181.451,279.249,259.723,-156.281,-1045.87,75148.2
10.0407,3107.79,-20.2001,477.641,184.984,292.188,261.48,-158.564,75201.7
8.76165,2962.43,-1044.48,-6.81688,480.294,183.189,307.206,247.503,75105.9
6.99411,2865.21,-190.303,-1015.24,-5.24112,490.764,178.736,293.931,75111.4
6.78454,2790.38,247.686,-187.397,-1006.67,-6.64607,487.067,178.895,75140.7
7.19976,2617.14,257.202,254.971,-183.434,-1002.74,15.905,470.137,75179.4
6.28612,2467.72,191.929,265.247,248.335,-175.053,-995.982,3.87877,75045
4.43237,2287.16,440.435,201.791,262.125,256.011,-182.22,-986.379,75386.5
2.21658,2116.82,-15.1197,452.293,200.655,273.126,266.993,-185.164,75339.1
1.0314,2227.69,-980.781,-31.9457,461.364,196.213,274.267,273.907,75259.6
2.73447,2100.36,-233.807,-961.287,-25.419,464.061,186.536,286.061,75194.5
5.18112,2005.92,277.255,-208.886,-962.354,-18.2845,456.62,179.946,75229.2
0.962388,1870.72,257.885,289.128,-197.891,-967.307,-21.2635,457.324,75136.1
-0.0747953,1794.81,174.465,251.93,296.087,-196.174,-971.723,-29.5758,75135.1
-4.39504,1649.29,453.419,175.153,251.78,304.803,-193.777,-966.442,75140.9
-6.27217,1517.55,-48.2195,464.994,184.913,243.814,307.309,-183.354,75088.4
-3.46932,1701.26,-936.11,-75.2731,469.632,188.838,243.523,299.899,75263.8
-5.18259,1651.5,-209.749,-925.908,-62.3554,472.589,186.238,244.337,75013.7
-3.13194,1458.34,277.927,-195.102,-922.213,-74.3152,494.09,173.412,75294.9
-1.03237,1391.96,235.523,281.1,-186.247,-912.579,-87.393,510.65,75197.7
-1.3111,1404.96,165.863,234.175,279.524,-169.055,-896.765,-110.865,75076.1
-3.22239,1145.22,476.165,177.036,246.45,283.847,-165.09,-887.805,75296.3
-1.93748,1350.03,-124.382,463.432,177.921,247.845,288.252,-164.408,75257.3
0.0902664,1563.32,-859.546,-155.939,468.802,174.316,253.666,278.971,74899.9
0.2838,1596.45,-165.506,-856.199,-162.616,482.446,172.285,251.383,75234.6
1.03948,1554.52,270.598,-157.975,-852.587,-161.092,480.608,166.607,75311.2
0.969151,1485.31,230.779,281.708,-149.491,-857.761,-157.391,478.921,75182.5
3.70281,1521.13,167.706,226.209,287.454,-148.407,-856.253,-159.309,75213.9
5.59125,1321.08,448.919,162.874,232.578,294.575,-145.648,-856.672,75254.8
8.76614,1375.41,-128.34,438.217,162.178,224.858,308.988,-154.839,75125.4
11.3267,1699.16,-827.162,-137.338,434.573,160.159,220.016,307.75,75096.1
7.18855,1595.71,-167.155,-826.921,-130.249,440.256,150.76,228.537,75307.8
4.9768,1584.4,305.593,-169.949,-830.659,-127.595,433.636,157.058,75252.6
3.90595,1597.19,234.194,307.175,-175.482,-835.042,-120.734,440.404,75291.7
4.41956,1610.48,159.585,225.567,311.587,-174.552,-835.475,-126.264,75176.1
4.98761,1532.48,432.087,159.703,214.896,307.393,-177.264,-814.772,75251
6.79366,1613.62,-116.715,425.519,157.986,217.582,318.132,-183.717,75230.1
8.05259,1736.3,-801.509,-136.481,429.42,160.783,215.682,317.749,75093.3
9.50375,1787.94,-168.319,-811.121,-139.28,428.356,168.426,208.24,75300.2
8.90557,1835.33,321.965,-169.378,-800.285,-142.376,424.358,162.626,75186.4
9.97703,1934.15,223.917,322.337,-175.748,-795.161,-147.647,421.738,75246.6
11.6261,1999.47,163.727,211.854,319.674,-185.111,-780.499,-159.805,75115.2
13.7606,2018.93,425.782,156.154,214.982,319.915,-197.841,-774.949,75216.5
12.3404,2110.03,-124.96,424.652,143.824,203.877,325.18,-203.556,75153.8
13.6519,2254.44,-774.868,-121.119,423.336,139.639,196.837,329.136,75001.7
15.3739,2422.23,-169.266,-785.103,-123.92,419.729,148.543,198.157,75315.2
18.0361,2683.43,342.396,-194.273,-787.834,-122.583,414.567,150.17,75289.7
20.9392,2987.17,240.823,317.262,-197.622,-805.029,-112.814,417.064,75206.8
26.6806,3163.93,155.428,225.137,312.026,-194.351,-801.654,-121.092,75067.1
26.4203,3359.58,454.186,138.102,224.922,309.124,-189.257,-803.003,75133.3
26.8202,3301.46,-160.81,468.461,149.474,218.26,300.007,-180.562,75145.5
23.5981,3210.9,-786.018,-168.309,457.083,159.574,214.564,313.86,74955.7
29.0925,3675.07,-143.531,-819.767,-174.166,475.356,148.949,213.946,75187.2
34.1779,4311.75,366.885,-199.207,-826.944,-171.495,472.422,145.376,75114.5
39.1115,4815.08,280.293,332.275,-196.649,-830.138,-170.035,471.181,75057
36.803,4384.34,58.5507,323.486,333.63,-201.937,-831.708,-157.16,75010.8
28.5126,3643.11,380.573,121.197,343.867,331.625,-202.967,-819.51,75115.1
39.78,4579.11,-59.5843,326.321,114.076,328.762,315.154,-198.269,74918.4
48.228,5174.75,-756.884,-115.024,317.003,122.404,324.158,314.607,75115.6
64.0253,6755.66,-10.448,-876.525,-137.23,315.943,139.102,309.054,74596.8
81.5306,8288.66,432.816,-122.738,-899.957,-136.543,307.306,144.259,74541.6
94.799,9550.25,424.076,339.137,-137.501,-905.503,-131.211,297.678,74700.3
101.499,10264.7,182.51,364.448,335.306,-128.768,-916.008,-124.382,75026.6
108.606,11384,416.949,105.763,343.429,337.463,-127.515,-922.559,74895
97.5102,10818.2,-221.993,483.404,116.058,341.675,330.426,-132.004,75270
89.9806,9973.65,-1034.2,-147.688,487.51,132.482,343.17,323.796,74805.8
103.819,11361.3,47.4079,-1151.61,-151.029,472.662,142.498,322.129,74819.3
120.382,12988.8,485.193,-59.7274,-1174.82,-160.461,452.864,144.596,74448.7
129.639,14253.4,439.109,401.983,-73.7029,-1182.45,-158.916,446.351,74700.1
135.816,15155.8,225.962,377.746,392.079,-76.346,-1170.74,-168.436,75128.3
138.502,15312.8,429.847,212.76,374.102,399.845,-62.2597,-1174.63,75124.6
137.703,14972.7,-209.09,454.367,227.754,364.953,397.841,-68.5783,75216.5
127.239,14018.7,-1278.45,-137.906,463.654,233.574,365.212,396.982,74959.2
106.799,12174.2,-266.291,-1122.4,-120.815,471.353,240.079,365.97,74111.6
124.697,14171.8,674.276,-419.986,-1156.99,-129.39,483.114,229.197,74138.1
149.631,16917,629.428,465.334,-456.011,-1168.88,-132.27,477.218,73290.6
165.385,19006.7,405.515,492.945,421.62,-460.293,-1182.46,-120.434,74037.3
166.175,19565.2,477.659,376.457,486.479,419.077,-458.595,-1179.5,75187.2
155.746,18692,-241.019,538.892,404.528,483.303,422.652,-455.865,75033.7
138.896,17182.9,-1324.12,-121.416,573.442,404.225,472.408,417.821,74270.2
160.047,19180.8,-173.317,-1475.85,-133.348,570.059,403.483,443.307,74248.6
184.728,21926.5,658.662,-376.448,-1515.47,-126.877,562.895,404.009,73418.4
199.624,23817.7,588.796,534.507,-402.128,-1527.44,-120.488,556.233,74394.2
213.002,24965.8,462.961,525.571,536.578,-406.224,-1518.48,-125.899,74913.9
211.412,25126.6,517.864,467.627,527.694,550.408,-400.461,-1522.47,75330.3
195.949,23654.7,-351.451,656.88,490.921,540.322,555.385,-403.614,74460.6
161.659,20655.1,-1862.61,-128.061,693.651,506.328,545.561,577.587,72440.3
169.008,21499.6,-247.829,-1911.72,-147.169,689.448,510.929,539.511,75081.3
184.026,22975.3,716.037,-344.595,-1928.08,-148.93,685.252,506.396,74649.9
193.037,23989.1,590.406,656.8,-364.774,-1926.9,-144.651,677.268,75099.1
191.657,23932.2,475.329,614.414,661.517,-358.849,-1928.09,-143.561,75262.9
179.972,22954.9,542.817,559.906,637.969,666.505,-356.365,-1925.37,74902.3
159.111,20948.6,-382.051,723.93,586.905,653.174,654.546,-355.757,73801
131.027,17816.5,-2255.58,-155.879,770.809,603.025,671,649.215,72302.6
133.744,17951.9,-264.243,-2263.43,-149.869,763.817,613.484,651.124,75194.5
142.164,18840.9,749.76,-326.455,-2287.68,-149.568,761.71,614.939,75062.4
133.775,18144.9,528.646,817.111,-319.486,-2281.16,-149.115,764.979,75046.2
123.209,16993.5,480.473,633.089,836.284,-314.536,-2288.25,-147.685,74617.2
111.133,15988.6,674.578,568.061,647.625,853.679,-318.817,-2294.01,74874.5
88.1549,14254.4,-341.666,808.654,594.755,656.008,855.725,-324.439,74320.5
65.7588,12041.9,-2506.99,-182.214,847.469,602.515,653.317,858.186,73637
54.8368,11398.3,-355.891,-2459.21,-170.172,853.257,619.758,647.151,74955.1
49.9629,11477.9,874.168,-367.988,-2462.41,-176.604,858.467,625.063,75130
41.3483,10463.5,526.71,947.403,-352.387,-2456.61,-161.94,852.075,74793.2
24.7356,9181.51,491.776,629.783,972.757,-357.04,-2461.06,-145.307,74707.8
15.6113,8444.64,778.929,552.31,644.662,991.993,-359.613,-2472.38,75056.4
3.84151,7383.11,-243.459,846.762,582.146,657.279,994.261,-372.718,74788.7
-3.84991,6345.35,-2594.13,-164.844,863.048,582.328,664.741,1001.2,74999.5
0.656521,6728.17,-312.38,-2632.87,-171.069,866.444,589.437,664.48,75241.7
2.91255,6219.98,959.955,-283.075,-2628.31,-169.308,862.086,590.314,75317.7
-5.16304,5332.49,560.701,1026.7,-280.388,-2624.23,-163.274,869.456,75223.5
-13.3391,4627.25,540.603,603.528,1046.87,-300.865,-2619.34,-152.123,74959.2
-16.0546,4053.32,801.814,588.686,602.65,1041.88,-282.005,-2617.14,75282.9
-14.5173,3695.84,-177.363,829.118,593.975,598.78,1047.4,-278.638,75321
-6.13473,4218.83,-2571.61,-217.684,826.305,596.432,604.215,1041.52,75129.2
-20.6574,2774.71,-462.03,-2458.61,-211.875,838.327,596.93,620.363,74596.3
-19.565,2621.57,1069.72,-453.092,-2458.31,-215.446,841.302,602.177,75132.6
-14.0463,2973.68,652.038,1050.32,-446.022,-2467.77,-212.975,838.104,75271.9
-25.418,1880.92,462.233,740.993,1069.82,-442.323,-2473.4,-207.053,74642.4
-24.521,1810.35,850.043,460.124,755.953,1066.03,-450.9,-2465.59,75398.5
-20.9708,2116.7,-170.477,824.649,451.422,749.318,1080.67,-472.281,75125.7
-14.7948,2895.93,-2368.09,-235.798,815.321,451.735,747.93,1075.11,75090.7
-16.8112,2614.05,-511.858,-2348.07,-231.68,807.898,451.222,757.878,75255.8
-23.028,1556.7,970.031,-433.671,-2353.66,-228.523,803.313,465.575,74763.1
-25.7354,1100.01,724.566,1005.44,-429.184,-2350.97,-228.073,800.549,74956.2
-26.9126,1010.28,450.841,727.4,1010.34,-432.047,-2350.95,-216.463,75158.5
-27.3036,699.846,766.379,491.687,735.504,996.262,-430.203,-2359.94,75318.5
-24.9797,930.859,-177.804,756.079,488.541,743.67,984.268,-424.501,75002.3
-14.9556,2022.77,-2244.39,-245.746,742.47,485.107,744.237,973.589,74866.2
-16.7104,1771.57,-488.913,-2233.52,-230.628,743.48,483.826,732.387,75096.6
-27.1562,872.814,902.532,-430.876,-2223.29,-228.589,742.256,495.951,75163.7
-30.1647,424.444,696.143,937.363,-437.864,-2221.24,-216.158,737.524,75352.7
-27.534,366.233,504.168,693.502,931.318,-446.955,-2208.95,-215.722,75023.2
-29.2267,168.629,721.598,540.625,680.012,929.426,-449.297,-2201.13,75277.2
-26.0615,560.821,-176.289,696.116,538.922,683.118,928.396,-455.562,75129.9
-12.7064,1716.18,-2087.38,-266.6,686.322,523.156,682.618,912.044,74979.1
-13.5904,1356.07,-514.26,-2052.08,-263.385,699.421,516.671,690.388,75318.5
-25.6803,418.613,829.618,-448.543,-2039,-258.294,688.304,517.224,74962.7
-28.5038,140.864,677.644,855.3,-444.845,-2031.91,-266.628,701.396,75214.3
-32.2938,84.7641,490.869,683.357,860.788,-447.039,-2022.15,-271.136,75004.3
-36.8964,-65.0295,674.668,507.994,686.768,870.782,-442.852,-2024.49,75206.8
-35.965,325.419,-230.752,628.749,509.439,680.358,880.813,-436.997,75167.1
-20.116,1412.71,-1890.14,-318.303,620.431,499.123,674.573,881.822,74747.3
-20.5182,1084.63,-508.792,-1859.77,-314.686,630.532,493.758,677.575,75255.9
-29.563,180.814,782.989,-444.711,-1833.51,-314.471,630.987,491.474,74972.2
-35.1939,-151.059,654.642,816.634,-443.035,-1820.8,-320.423,628.023,75269.1
-36.7372,-165.613,495.701,645.627,830.127,-427.623,-1828.17,-326.605,75236.2
-36.6577,-282.36,590.349,494.572,643.83,836.069,-418.947,-1832.86,75298.9
-31.7177,203.824,-267.062,558.259,488.822,631.133,843.332,-420.576,75030.4
-19.5012,1280.7,-1724.13,-351.733,541.858,484.659,629.037,843.278,74884.5
-24.4562,1012.76,-464.952,-1710.39,-347.24,551.686,480.41,622.855,75363.3
-32.3379,48.1861,765.188,-396.062,-1706.11,-350.896,557.067,493.279,75088.8
-36.4026,-173.911,614.892,783.282,-390.464,-1703.99,-355.141,550.725,75027.1
-34.8175,-201.693,511.415,609.136,783.38,-388.027,-1706.84,-351.336,74977
-33.9295,-272.369,551.08,517.385,607.268,785.185,-398.197,-1700.78,75152.9
-30.3004,216.79,-292.807,505.533,512.594,607.757,778.96,-389.156,75056.1
-20.717,1155.84,-1613.24,-360.308,491.169,516.866,589.677,770.754,74780.9
-25.3548,864.443,-439.596,-1602.93,-362.489,500.4,520.299,597.053,75397.9
-36.3949,83.9439,703.991,-382.765,-1601.21,-373.412,513.742,515.909,74941.6
-42.2013,-259.171,583.068,722.45,-360.378,-1609.44,-379.099,510.519,75076.1
-44.3683,-270.65,531.015,584.634,738.854,-367.589,-1624.87,-361.698,75332.9
-44.9153,-241.291,502.233,528.95,568.864,744.516,-366.61,-1624.13,75197.2
-42.1287,193.24,-291.658,460.308,519.783,575.035,739.476,-356.55,74877.1
-33.4168,1042.73,-1536.65,-349.694,463.934,495.995,573.742,733.04,74957.6
-33.5455,820.144,-398.67,-1531.6,-363.47,470.41,497.271,589.4,75363.8
-40.8391,-8.55862,643.866,-335.663,-1536.49,-347.633,473.389,501.849,75119.6
-44.0185,-235.535,567.926,651.651,-326.786,-1528.21,-347.547,469.876,75033.4
-44.6336,-311.758,512.312,567.044,657.776,-336.268,-1519.02,-341.158,75111.7
-42.4689,-319.687,462.384,507.118,576.5,649.881,-345.512,-1513.67,75036.3
-34.1046,104.556,-276.889,426.007,492.874,575.2,650.204,-338.595,75157.6
-22.0427,985.065,-1419.62,-355.675,420.159,496.353,566.388,630.163,75005.1
-23.6429,664.19,-358.871,-1401.89,-352.708,427.812,489.422,567.964,75296.8
-30.2142,1.649,563.717,-312.079,-1398.31,-353.606,432.303,500.851,75010.7
-37.4157,-289.785,551.426,574.466,-303.166,-1401.94,-352.542,422.569,75147.2
-39.2258,-336.256,512.787,547.848,579.713,-302.656,-1394.14,-345.33,75080.4
-38.1601,-301.639,393.642,514.867,543.209,572.071,-302.583,-1392.48,75240.9
-33.7156,203.021,-273.252,356.286,491.819,544.897,572.609,-302.496,74923.7
-26.4186,932.703,-1309.38,-316.156,341.304,499.246,546.571,566.873,74963.8
-29.7945,644.931,-369.437,-1291.82,-306.354,337.445,501.754,551.644,75185.2
-32.2488,-84.1089,497.536,-324.553,-1294.64,-282.281,342.021,504.83,75148.5
-35.7369,-319.632,521.106,513.715,-313.035,-1295.58,-279.477,349.518,75144.5
-33.2073,-357.075,498.483,522.24,511.567,-313.042,-1288.92,-270.882,75005.8
-30.7608,-242.451,341.24,485.475,521.541,525.417,-323.757,-1275.93,75168.7
-26.6842,99.1593,-234.308,310.724,484.001,530.446,521.497,-326.704,75098.7
-17.8268,789.656,-1208,-289.823,302.253,486.569,520.729,534.345,74981.2
-19.5169,561.7,-369.481,-1196.51,-296.036,311.263,476.654,536.557,75363.4
-25.032,12.6408,480.408,-339.582,-1181.4,-287.622,317.684,475.353,75159.5
-27.5944,-228.546,506.995,494.892,-325.528,-1193.44,-286.187,328.537,75187.8
-27.9589,-346.085,475.77,498.444,502.087,-331.967,-1194.04,-278.267,75284.3
-25.8551,-279.019,347.717,460.025,498.622,500.62,-342.992,-1200.01,75051.1
-23.4414,88.4135,-198.403,321.081,446.591,501.313,500.985,-340.357,75137.2
-16.3839,772.355,-1154.18,-239.258,312.974,452.009,501.429,491.98,74964.8
-14.7085,604.966,-367.537,-1149.25,-237.208,303.323,464.612,501.756,75350.9
-20.1735,47.407,424.997,-323.542,-1164.48,-225.018,294.296,483.301,75019.8
-22.8475,-162.732,481.495,435.531,-321.311,-1156.39,-225.187,292.407,75338
-22.1483,-276.978,492.318,486.917,431.393,-319.547,-1158,-225.722,74983.5
-19.0051,-202.552,316.81,492.132,481.882,414.564,-318.627,-1162.86,75306.3
-9.96946,117.319,-176.676,285.121,480.373,479.913,418.884,-319.291,75242.8
-1.80272,776.517,-1097.7,-229.317,282.78,473.412,484.901,416.675,75029.2
-2.56144,601.038,-343.874,-1079.33,-245.909,284.643,469.076,490.915,75263
-7.6351,112.171,363.563,-302.732,-1065.54,-245.981,292.766,456.953,75121.1
-6.99384,-137.119,449.976,394.531,-297.141,-1067.91,-241.671,278.868,75259.1
-10.4735,-267.219,474.045,462.488,401.928,-303.056,-1070.26,-241.221,75223.8
-8.36456,-182.937,298.608,463.209,462.02,398.408,-313.654,-1069.53,75043.2
-4.59884,161.228,-202.344,274.709,451.943,464.414,401.936,-318.435,75145.4
2.82791,714.853,-997.78,-233.412,259.973,449.923,470.957,397.937,75119.2
3.14372,618.275,-354.383,-991.549,-227.519,262.258,439.349,479.087,75288.1
-2.76569,151.123,333.431,-316.28,-981.775,-224.843,258.415,432.541,75099.8
-5.57252,-119.005,478.802,342.124,-307.439,-973.276,-234.655,252.812,75362.4
-3.67974,-131.721,437.575,490.331,347.773,-304.467,-976.297,-236.207,75232.9
-2.72304,-36.4177,262.264,424.999,495.405,344.365,-305.285,-974.51,75342.1
1.62024,261.498,-193.412,225.907,425.815,489.857,346.104,-311.997,75236.9
8.63178,698.206,-911.508,-238.58,228.484,424.538,482.304,347.501,75261.1
7.09791,692.496,-332.413,-918.297,-240.16,229.893,414.314,482.044,75175.3
-0.87044,346.484,330.494,-310.136,-926.737,-235.397,237.247,414.864,75136
-3.59202,80.2888,467.147,351.84,-314.066,-930.853,-230.806,242.629,75286.6
-7.84534,17.9245,429.643,458.606,356.114,-310.673,-934.338,-224.484,75208.2
-8.67482,142.219,234.907,416.869,456.12,354.435,-298.246,-931.217,75323.3
-5.06722,412.731,-192.861,202.28,412.676,462.33,347.046,-295.12,75250
6.96536,1197.09,-853.468,-248.238,201.179,408.952,469.178,349.039,75038
6.56215,1323.89,-310.334,-870.15,-252.826,204.82,410.581,474.091,75194.7
12.326,1997.42,415.723,-355.599,-891.488,-249.192,213.542,411.965,74962.8
22.4836,3187.02,604.744,312.164,-376.648,-891.337,-246.797,210.283,74964.8
42.0782,4947.07,589.327,471.609,287.671,-381.49,-910.925,-249.578,74390
65.5187,7069.24,452.111,426.761,433.759,287.606,-383.598,-928.093,73955.9
72.8803,7960.21,-193.096,401.403,403.504,427.446,272.579,-372.884,75168.2
69.9587,7236.44,-1029.47,-136.952,413.589,431.303,413.216,251.221,74842.1
61.169,6580.03,-425.888,-971.681,-121.38,411.439,435.011,417.615,75068
114.761,11754.8,862.832,-819.107,-1055.12,-160.83,431.951,437.31,67992.9
162.545,17073.7,898.256,470.316,-891.255,-1073.26,-179.226,426.578,67795.7
206.993,21027.6,803.146,593.338,425.578,-910.711,-1083.59,-189.607,70996.8
258.057,25954.4,917.332,446.045,531.801,413.677,-923.9,-1102.75,68956.1
259.851,26717.7,-209.855,866.248,438.291,537.567,425.98,-936.153,75083.1
218.251,21833.4,-1695.64,154.929,936.52,478.476,548.241,421.092,67920.6
328.129,33248,452.483,-2529.52,33.2385,899.235,440.618,507.973,45874.6
413.63,42525.6,1215.14,-232.768,-2658.44,10.3766,905.319,437.718,54987.4
472.841,48882.1,1016.45,768.287,-312.144,-2685.64,7.11971,890.435,65370
506.761,52602.5,709.261,763.541,717.778,-322.588,-2700.22,10.43,72107
564.438,58907.5,1504.66,256.466,695.346,688.563,-326.168,-2714.2,65956.6
529.686,55903.4,-512.514,1769.9,323.771,700.202,706.587,-336.577,71630.2
417.588,43991.7,-4019.09,423.688,1931.22,350.142,712.463,703.595,41106.4
637.775,66850.4,2433.3,-5708.2,206.73,1808.28,287.004,682.018,10723.5
720.818,75067.4,1144.05,1860.3,-5816.69,168.094,1789.74,311.494,60261.6
778.98,80976.8,1152.95,773.675,1780.48,-5858.8,196.453,1779,67671
794.771,83067,327.694,1045.67,765.359,1767.08,-5860.06,206.871,74632.9
861.467,90354.8,2497.85,-157.466,957.052,728.77,1764.28,-5900.49,63913.1
789.503,83230.7,-773.016,3081.05,-42.2675,969.665,759.535,1768.05,58651.3
565.132,62271.3,-8241.84,889.758,3433.79,-117.803,1079.26,716.037,12121.1
761.356,85588.7,4798.57,-9963.92,543.894,3366.26,-223.672,1160.16,9878.92
823.831,93051.5,998.779,4314.26,-10059.1,472.939,3425.99,-204.269,63670.6
838.97,95442,1205.8,890.181,4300.46,-10069.8,475.059,3428.75,74686.1
827.827,95080.2,-356.233,1288.72,893.517,4316.06,-10083.2,481.648,75051.6
831.214,96465.5,3516.21,-398.712,1288.31,879.304,4348.34,-10104.9,75237.1
715.867,83494.8,-1066.06,4486.69,-167.338,1419.99,927.323,4323.61,36251.6
536.145,64652.3,-12042.2,254.454,4625.32,-74.372,1498.92,969.349,17355.7
699.269,85135.9,6878.59,-13555.1,-111.905,4557.17,-105.83,1689.68,16260.8
743.384,91251.2,1146.9,6539.74,-13644.2,-179.035,4626.92,-99.703,67840.8
738.643,91541.7,1554.8,1187.15,6559.99,-13653.8,-190.184,4633.94,75534.6
713.397,89296.1,-379.757,1744.43,1202.36,6581.86,-13664.3,-172.743,73052.3
399.973,57750.6,1031.07,1649.73,2062.08,1339.92,6587.17,-13343.1,1247.05
431.927,68859.1,1959.94,222.838,1401.94,1967.94,1374.59,6700.48,47705.6
327.657,58459.7,-14703.5,2646.43,306.044,1371.5,2023.55,1389.05,47855.4
451.254,78223.6,9172.57,-16060.4,2443.05,348.786,1134.92,2109.51,17008.1
481.821,85858.1,1594.9,8624.88,-16097.9,2415.74,349.817,1145.95,61692.6
470.72,84800.4,1798.72,1743.73,8638.51,-16088.3,2430.44,321.403,74680.6
373.56,76959.1,109.849,2386.95,1931.8,8834.13,-16138.5,2565.29,57217
366.726,76537.2,250.784,137.65,2400.06,1919.15,8835.83,-16140.3,75037.1
336.387,65077.9,1270.12,1260.93,456.124,2431.09,1885.33,8690.54,43455.9
236.245,53566.5,-17058.7,2011.55,1292.58,400.307,2485.26,1886.91,44065.3
295.168,65230.1,10165.9,-17711.3,1924.52,1249.43,279.29,2491.41,45289.1
340.052,74927.7,2525.05,9484.29,-17746.5,1847.67,1330.1,326.6,53686.4
67.7236,49512.5,-90.8673,4542.59,9918.29,-17672.5,1816.95,807.754,6223.46
248.298,62064.8,2385.39,-1095.73,4147.79,9573.18,-17657.2,1655.89,40859.8
350.91,68981.6,1947.38,1945.44,-1118.05,4000.34,9553.4,-17760.4,62733.4
308.25,59053,315.341,2866.94,2155,-1111.37,4015.12,9507.54,50262
247.385,51383.8,-18437.1,753.866,2904.37,2136.54,-1099.22,4061.51,59487.1
310.324,60360.6,10652.7,-19031.5,628.11,2954.79,2100.35,-1162.59,56092
336.927,64420.1,4213.3,10401.6,-19078.5,592.696,3012.24,2095.69,71920.8
315.11,62713.3,-1461.47,4388.48,10434.1,-19078.2,598.112,2981.41,74418.1
253.555,56937.5,1429.16,-1066.79,4557.5,10501.8,-19064.3,654.479,64985.3
249.671,56497,2961.89,1459.96,-1074.95,4548.85,10511.6,-19074.6,75298.2
229.449,49467.2,-84.1898,3589.52,1601.15,-1112.5,4546.25,10466.2,61694.3
198.054,44553.3,-19472.3,204.126,3630.68,1600.75,-1109.4,4554.12,68812.2
235.193,50082.6,11188.8,-19817,152.974,3644.98,1559.54,-1185.66,67587.7
269.571,54832.8,4911.09,10874.1,-19868.6,124.331,3692.37,1544.63,70039
264.159,54939.7,-1295.52,4917.5,10854.5,-19857.4,132.707,3692.38,75397.3
206.846,50168.4,963.797,-974.382,5057.29,10932.3,-19839.8,190.227,67795.7
199.705,49553.9,3604.97,999.694,-979.074,5064.91,10942.1,-19849,75069
186.772,44446.1,-307.752,4038.62,1101.48,-1020.61,5059.12,10914.5,68015.6
169.905,42507.4,-19990.7,-162.751,4045.59,1102.91,-1029.27,5071.63,74664.9
194.968,46201.7,11373.6,-20238.2,-201.746,4062.3,1082.97,-1092.15,71865.6
216.741,49530.2,5312.55,11157.2,-20269.6,-212.276,4105.34,1074.17,72968
210.687,49290.8,-1207,5336.01,11153.3,-20268.6,-210.865,4115.61,74972.1
150.23,43514.6,355.842,-824.116,5513.76,11236.2,-20230.1,-139.093,65291.3
109.623,40341.7,3725.03,529.102,-822.407,5546.32,11257.9,-20208,72357.2
97.3938,36071.9,-466.797,4086.4,589.764,-841.895,5532.96,11231.9,70309.8
106.439,38077.4,-19950.1,-593.679,4070.79,575.619,-839.832,5546.16,74737.3
-26.9384,18426.3,8841.05,-18616.8,-477.337,4114.97,762.624,-497.982,16293
78.6632,35097.2,7762.11,7503.45,-18704.9,-527.156,4078.99,718.846,25017.9
171.222,44443.3,81.5574,7000.32,7257.29,-18714.8,-476.291,4237.88,54364.4
159.712,43319.3,474.632,156.307,7035.16,7258.06,-18719.2,-468.628,74427.6
141.097,42108.1,4100.29,549.045,176.23,7041.09,7262.23,-18704.2,74650.2
126.935,39373.9,-722.111,4317.9,605.543,167.472,7027.09,7255.33,73248.4
124.389,38772.5,-18712.1,-683.824,4325.32,595.792,174.07,7037.08,75734
164.534,43665.5,7816.22,-19063.6,-719.931,4341.76,586.573,138.556,69008.5
180.494,45548.9,7086.94,7684.65,-19073.8,-729.086,4364.39,578.821,74463.5
199.354,47395.3,264.933,6938.53,7631.7,-19074,-725.302,4399.23,74399.3
