7528.8,6691.68,-5550.32,982.492,921.303,939.948,851.034,918.469,46024
5488.87,4983.39,-1968.76,-1350.63,704.733,699.347,693.75,561.702,49839.5
4512.8,4259.85,-1714.71,-417.562,-42.4464,543.516,602.226,605.943,55536
3961.6,3885.84,-1610.82,-533.11,119.271,401.549,526.475,522.176,58634.6
3527.71,3458.28,-1339.44,-508.521,-26.2301,353.532,511.309,542.368,60032
3228.53,3075.6,-1281.31,-368.246,-59.3697,190.812,415.809,606.279,60763.7
2980.25,2889.49,-1073.45,-453.244,38.7485,106.427,251.187,456.879,61818.1
2795.08,2876.71,-1081.58,-247.834,4.02781,356,225.3,318.137,59359.8
2627.1,2566.28,-554.162,-275.234,9.42142,124.217,372.532,172.087,64942.6
2496.41,2587.89,-693.337,-88.0491,101.159,45.4381,163.676,334.374,66655.8
2394.26,2597,-636.841,-258.148,107.083,306.8,66.5689,99.8987,67220.3
2284.96,2358.95,-530.698,-162.981,-51.754,223.323,394.235,69.1667,67239.3
2194.27,2295.94,-704.62,-90.0292,48.9657,65.2256,263.472,394.524,67422.2
2106.92,2305.99,-754.672,-300.188,153.536,171.797,82.5846,282.993,67823.5
2043,2149.78,-429.417,-373.725,-79.597,313.927,218.147,65.1101,66932.8
1973.41,1921.33,-295.935,-34.1149,-216.654,33.198,354.407,190.734,69038.5
1922.65,2014.37,-509.1,-52.0782,172.404,-164.421,49.1977,350.246,70063.6
1874.64,1996.7,-299.788,-258.675,90.4489,285.179,-142.613,16.0706,69949.8
1821.71,1739.69,-205.739,-3.19452,-131.654,174.598,362.829,-177.451,69945.8
1777.46,1780.96,-497.832,59.1849,154.69,-57.9572,231.356,343.889,70012.4
1729.87,1920.65,-655.323,-255.069,205.982,219.818,-44.7773,214.967,70284.4
1683.71,1656.06,-172.926,-394.923,-129.786,298.787,242.389,-67.3052,69754.8
1644.28,1533.41,-159.1,78.9042,-277.566,-42.8564,308.732,237.498,71066.7
1609.42,1687.51,-471.508,-25.022,203.531,-229.222,-19.3962,298.187,71745.2
1572.56,1463.1,-105.535,-275.506,74.8338,284.127,-201.293,-60.1876,71382.4
1541.67,1282.23,-79.5266,95.6645,-195.599,122.737,355.194,-237.959,71627.2
1513.63,1400.59,-400.801,97.6063,195.34,-137.391,162.57,340.185,71350
1486.98,1612.16,-563.612,-241.239,190.688,280.736,-123.071,142.458,71776.2
1452.25,1290.8,-34.7882,-379.467,-166.772,281.192,325.571,-138.649,71338.7
1429.67,1205.32,-158.882,137.058,-311.613,-122.138,317.666,316.429,72267.8
1404.56,1402.35,-421.528,-55.2607,196.403,-251.802,-95.9411,313.014,72825.5
1378.57,1154.37,54.028,-259.712,27.5469,235.708,-229.144,-111.626,72362.1
1350.54,1004.9,13.6321,212.853,-202.161,67.9451,254.796,-237.494,72415.4
1330.18,1144.8,-350.626,137.083,291.847,-147.608,102.415,240.945,72460.7
1310.93,1269.61,-489.481,-232.63,202.105,326.929,-139.947,98.7443,72924.6
1287.42,1016.41,-9.11124,-363.636,-197.54,250.291,369.945,-123.321,72367.1
1270.11,980.898,-155.037,92.266,-306.945,-159.686,271.133,385.848,73070.2
1255.78,1089.53,-321.813,-53.9159,143.718,-283.904,-138.652,258.621,73261
1233.76,801.554,163.45,-185.804,-16.2573,186.336,-270.092,-147.223,73181.3
1213.82,757.621,52.3959,285.389,-134.229,8.6455,217.853,-289.184,73257.4
1197.2,957.802,-332.781,152.549,360.168,-95.7227,28.1473,202.104,72950.1
1180.79,1156.33,-479.425,-261.232,195.854,388.516,-72.0428,39.7461,73227.2
1159.4,899.854,-71.3658,-367.2,-194.538,232.065,426.663,-64.2044,73274.2
1139.96,849.859,-142.042,28.4321,-310.156,-167.336,232.566,429.442,73690.2
1123.6,907.113,-230.92,-70.9097,75.6472,-269.583,-169.403,228.507,73835.8
1103.76,641.354,248.15,-122.388,-41.9892,113.658,-246.274,-178.611,73728.5
1091.75,595.488,85.9321,351.573,-81.6125,-30.5262,119.238,-256.939,73763.5
1077.11,839.427,-335.669,175.136,410.483,-48.0633,-8.40756,100.035,73593.5
1061.97,978.619,-432.647,-276.188,204.206,451.437,-28.9933,-19.3878,73862.2
1047.6,852.906,-75.4416,-316.422,-249.919,223.314,472.738,-29.6747,73691.8
1034.73,811.508,-190.354,28.7783,-275.58,-252.587,251.746,468.088,73973.3
1021.18,793.097,-180.387,-137.403,72.7965,-259.224,-252.99,268.412,74059.7
1001.57,500.589,296.83,-65.0991,-97.6873,94.1165,-246.147,-264.87,74222
992.936,467.023,144.812,382.086,-28.9613,-87.4475,102.957,-249.638,73929.4
985.448,808.32,-374.786,206.453,426.373,1.98736,-71.7242,70.8517,73855.2
974.134,976.651,-397.477,-292.68,235.907,451.739,15.8691,-79.7443,74243.9
962.291,830.777,-107.308,-292.152,-273.947,263.83,472.263,21.043,74163.5
949.815,809.985,-212.264,-45.5664,-252.341,-271.557,271.586,481.964,74397
936.373,782.724,-89.2489,-157.832,-21.6331,-251.529,-269.994,280.926,74293
919.673,437.118,356.385,17.4843,-114.12,0.41606,-257.844,-289.808,74025.3
907.13,403.082,156.04,442.464,49.9986,-108.286,-3.65328,-266.595,74218.9
897.905,783.033,-376.681,226.199,485.506,69.5305,-93.4987,-36.6468,74333
889.309,894.481,-384.081,-317.77,247.623,512.079,75.3321,-108.567,74369.2
876.961,777.163,-180.324,-302.389,-298.563,281.529,518.431,97.9196,74180.7
867.031,833.904,-249.769,-106.137,-288.053,-278.819,287.764,515.887,74576.9
853.943,701.978,-9.55166,-174.814,-72.7766,-283.187,-273.218,274.315,74381.6
841.592,321.923,406.942,89.5692,-144.049,-54.5164,-273.99,-284.486,74521.1
833.317,312.477,162.165,479.585,93.7781,-131.534,-46.8434,-280.103,74492.6
827.661,659.188,-367.29,206.672,508.526,110.729,-111.988,-56.6253,74339
820.586,820.116,-373.565,-298.977,221.806,518.863,105.603,-122.526,74412.8
810.446,743.021,-179.239,-298.021,-287.87,238.387,524.518,132.883,74342.2
798.622,737.967,-247.913,-118.574,-283.125,-274.277,252.921,522.301,74655.4
786.884,573.918,21.926,-180.234,-84.6865,-266.814,-275.318,243.599,74506.6
774.899,264.234,409.362,107.54,-157.963,-62.6448,-270.637,-276.17,74442
771.094,299.159,172.402,475.349,129.107,-158.583,-73.0593,-275.503,74617.4
768.182,630.223,-334.926,204.258,499.24,141.48,-142.423,-82.1447,74618.6
765.19,803.394,-369.463,-291.141,240.016,494.938,138.097,-148.568,74651.5
755.17,730.814,-180.489,-301.014,-262.326,254.909,495.24,140.2,74503.7
748.891,718.013,-226.693,-130.643,-286.582,-256.417,253.132,488.073,74844.8
742.131,602.488,43.0995,-163.595,-118.264,-273.101,-255.708,254.832,74589.8
733.88,306.199,376.874,130.956,-139.826,-108.942,-263.534,-260.94,74329.7
726.683,276.458,173.419,451.382,147.913,-141.236,-103.95,-276.767,74878.1
718.813,616.616,-302.67,217.055,471.981,163.022,-153.387,-109.664,74667.8
713.72,748.159,-345.533,-267.171,231.917,482.404,160.843,-146.019,74938.8
704.503,716.765,-203.01,-291.796,-250.947,251.229,474.928,172.367,74860.3
698.658,768.871,-229.479,-138.031,-264.613,-259.246,263.701,469.572,74712.5
690.054,559.914,50.2464,-168.615,-117.815,-268.02,-253.673,274.571,74868.9
679.34,285.098,356.587,115.793,-153.011,-111.6,-268.115,-240.766,74841.3
670.587,337.467,220.979,407.445,132.488,-151.088,-105.733,-271.043,74893.6
666.155,670.321,-304.352,252.377,432.82,140.118,-147.548,-119.621,74990.6
663.73,802.718,-314.496,-265.801,268.92,439.074,134.139,-129.288,74953
659.171,704.848,-207.615,-279.114,-252.56,290.124,438.853,129.448,74745.5
653.227,764.101,-202.813,-151.511,-242.631,-247.362,285.126,423.279,74868.6
649.728,657.788,29.3276,-147.883,-119.926,-239.789,-246.616,285.773,74801.2
638.016,426.673,337.915,111.292,-127.787,-108.933,-244.14,-253.114,74834
632.782,341.572,194.04,384.583,122.307,-109.246,-91.7336,-256.17,75113.6
626.747,652.319,-297.82,219.579,400.157,129.276,-93.597,-89.9192,74887.1
624.354,768.433,-337.53,-250.413,228.319,411.172,125.059,-85.7099,75022.1
616.949,736.205,-176.572,-294.152,-233.018,228.925,416.962,131.873,74899.9
612.286,792.516,-127.821,-144.579,-282.075,-232.597,236.816,414.001,75185.9
608.177,784.842,51.4744,-87.1159,-140.365,-269.986,-227.387,231.024,74916.8
601.903,535.325,342.233,137.477,-75.0871,-144.625,-267.647,-221.413,75054.6
595.999,534.362,160.961,372.06,150.85,-64.3794,-132.979,-277.402,75096.9
590.619,737.768,-272.781,199.128,375.277,165.511,-63.2341,-135.026,74800.8
588.277,902.309,-320.404,-249.837,217.013,382.38,164.569,-56.6003,74818.1
578.838,982.739,-202.293,-275.55,-231.84,230.83,387.087,156.376,74564.9
572.305,1056.74,-130.155,-164.11,-261.27,-223.859,231.586,380.041,75010.8
568.26,935.416,72.8071,-68.1115,-152.223,-254.088,-228.021,244.63,74899.1
559.901,821.772,303.651,117.353,-49.0829,-149.212,-249.592,-220.578,74903.6
554.516,760.102,165.094,355.128,134.559,-54.6411,-139.954,-241.317,74835.1
550.594,904.087,-257.5,209.695,345.824,141.055,-50.077,-150.221,75042.9
547.597,1113.78,-296.383,-224.822,222.167,333.538,156.612,-39.7434,74962.8
541.778,1223.9,-206.464,-276.779,-207.145,230.223,330.997,160.48,74979.8
537.553,1318.83,-83.7589,-172.022,-276.538,-205.633,238.523,331.628,75031.8
531.88,1137.46,81.1454,-43.9359,-156.654,-259.782,-201.048,249.423,74919.5
522.493,938.558,250.927,131.972,-28.182,-139.574,-256.622,-203.104,74799.6
517.018,969.549,172.946,293.342,141.417,-17.0559,-138.153,-260.974,75120.2
512.444,1044.73,-237.377,192.961,295.672,170.637,-27.9146,-139.807,74906.7
510.544,1353.67,-273.555,-222.544,189.894,286.299,180.535,-31.1957,74986.3
506.597,1586.04,-179.362,-246.382,-197.171,192.292,283.59,181.714,74957.4
503.674,1611.36,-89.3379,-139.184,-235.81,-193.24,196.723,291.48,75060.1
502.183,1740.19,116.723,-65.3476,-133.167,-241.7,-186.197,201.687,75268.3
497.017,1630.21,237.579,162.241,-59.6143,-135.749,-246.411,-169.802,75170.6
488.951,1543.98,125.088,283.717,179.277,-46.6277,-144.002,-241.394,74936.2
485.942,1460.84,-217.906,166.481,295.474,183.874,-29.0727,-152.458,74896.4
485.138,1663.49,-279.333,-202.508,175.395,308.813,181.255,-24.665,75082.7
483.745,1773.6,-197.619,-251.127,-205.145,188.456,307.356,169.322,74981.5
479.301,1800.91,-66.8804,-165.929,-245.533,-201.366,186.321,310.737,75162.5
474.508,1795.82,127.781,-37.7489,-160.337,-229.825,-209.344,190.806,75201.3
467.07,1625.18,261.862,165.027,-21.9004,-154.595,-235.191,-206.085,75121.4
461.734,1561.87,139.616,304.408,161.314,-2.13326,-160.088,-234.73,74885.4
455.333,1472.07,-287.63,184.093,312.916,171.067,-7.18791,-154.568,74968.3
445.303,1376.2,-283.778,-230.141,199.882,299.819,175.647,-0.13347,74977.4
438.995,1424.7,-212.869,-256.636,-223.579,205.962,305.091,177.549,74972.9
434.232,1503.48,-39.1067,-173.837,-238.676,-227.302,199.833,297.594,74902.1
429.374,1530,113.636,-5.56989,-163.69,-230.65,-234.705,206.951,74979.9
423.282,1323.55,250.916,153.037,13.0588,-142.015,-238.202,-249.952,74834.9
420.513,1167.81,158.011,290.723,156.189,33.0936,-152.196,-236.599,74860.8
420.81,1151.87,-307.627,185.974,303.431,152.857,36.4303,-157.772,74982.8
414.582,1311.06,-250.683,-289.254,199.498,302.431,153.824,32.064,75222.3
409.433,1489.27,-194.903,-221.969,-277.455,191.566,294.728,168.542,75001.2
400.216,1445.34,-20.3827,-149.979,-220.751,-275.155,189.415,295.055,75035.7
395.868,1273.61,111.985,29.2391,-131.653,-213.951,-279.083,198.684,75167.7
390.02,1078.46,212.831,142.637,37.6788,-130.816,-198.861,-285.86,75129.6
381.93,965.622,151.553,260.756,152.416,47.0197,-130.115,-210.627,75068.1
377.468,1040,-307.84,167.292,272.406,156.812,53.1635,-142.64,75127.1
374.36,1131.03,-232.41,-268.616,169.651,270.277,152.417,64.204,75073.2
367.406,1252.26,-199.175,-213.598,-268.567,161.26,278.696,167.418,74998.4
361.771,1123.07,28.4715,-167.474,-215.567,-256.282,157.394,279.931,75072.7
360.429,1043.73,110.155,83.2847,-162.775,-214.401,-257.812,155.806,75118
357.528,927.124,222.212,134.812,113.517,-164.34,-204.598,-264.804,74952.1
351.473,795.471,97.9486,256.247,133.214,120.932,-159.567,-205.516,75160.4
348.124,849.781,-263.904,114.139,266.689,133.783,117.088,-155.322,75073.2
344.375,976.713,-241.28,-246.215,117.97,260.944,140.745,111.339,75189.3
340.565,1008.94,-195.125,-212.536,-243.201,114.943,270.72,144.184,75117.5
340.933,851.616,72.709,-160.188,-224.054,-236.428,120.905,270.7,75277.9
336.284,780.394,101.209,104.304,-155.576,-218.089,-235.191,120.907,75114.7
332.016,627.114,229.036,131.938,119.686,-148.963,-218.403,-248.735,75360.4
326.556,564.784,93.9435,264.305,134.13,132.216,-151.673,-220.792,75177
324.465,664.425,-278.418,107.584,275.827,141.427,117.467,-143.052,75147.9
325.034,801.407,-242.282,-271.787,106.145,267.887,164.198,107.051,75003.6
325.133,830.068,-167.488,-226.589,-274.169,115.496,257.153,164.992,75178
319.098,798.215,108.6,-144.748,-216.145,-278.985,107.93,252.562,75144.9
316.766,654.068,119.351,148.905,-151.499,-223.165,-273.634,110.978,75153.9
310.647,589.406,245.934,131.832,158.83,-161.748,-223.947,-277.353,75243
304.751,504.243,98.5522,267.182,138.142,171.046,-154.757,-239.765,75179.3
302.856,620.655,-303.594,115.537,250.871,154.235,175.13,-139.877,75175.4
302.135,821.591,-262.266,-292.548,108.557,253.605,158.006,170.652,75155.6
300.552,826.625,-159.675,-235.923,-283.975,100.679,256.844,150.243,75083.6
295.151,651.429,118.01,-119.601,-228.465,-291.081,103.801,263.316,75073.5
293.551,640.962,124.404,143.975,-102.072,-240.77,-302.325,109.915,75198
290.479,568.281,240.761,155.884,143.252,-92.5492,-252.734,-310.671,75124.9
284.619,594.177,79.349,274.654,149.274,150.688,-77.0212,-274.384,75058.9
285.146,714.571,-316.213,94.4519,278.701,157.157,140.985,-69.0521,75143.6
280.118,783.726,-320.376,-288.343,98.7628,279.125,164.351,131.784,74969.4
274.327,602.799,-118.928,-276.452,-280.971,94.3952,289.441,161.444,74935.9
272.45,556.326,107.866,-113.881,-265.541,-265.435,90.5333,298.418,75171.3
266.491,604.832,119.507,118.57,-109.227,-273.405,-252.217,91.5414,75370.9
262.583,533.272,270.034,145.988,126.368,-112.328,-275.845,-247.948,75138.5
261.165,568.16,38.642,298.45,142.366,126.369,-92.6925,-276.812,75141.2
257.328,669.474,-249.736,60.3631,283.959,148.091,133.192,-101.155,74991.4
253.68,829.554,-285.752,-242.67,52.96,299.932,153.753,132.815,75168.2
250.047,836.4,-143.741,-266.305,-247.237,67.4165,316.121,143.79,75299.3
243.016,764.826,78.3919,-115.622,-290.389,-235.592,69.0255,332.878,75313.5
236.901,652.851,112.415,87.9516,-93.533,-292.181,-224.991,57.7925,75425.7
229.921,506.02,296.165,141.351,90.0689,-84.6081,-284.869,-234.817,75231.5
225.815,483.67,37.4008,325.808,150.524,83.7366,-92.6503,-285.656,75110.1
223.16,588.951,-250.608,55.5814,335.983,144.585,80.7875,-83.6575,75136.6
223.542,800.508,-270.981,-243.678,40.5206,349.001,133.969,77.3435,75133.6
217.136,750.666,-114.676,-251.092,-236.112,36.5536,348.957,129.651,75185.2
210.211,679.599,48.7271,-90.5712,-236.048,-234.44,41.0651,333.864,75285.1
207.53,660.994,103.324,54.6067,-86.4644,-218.958,-231.386,36.3243,75328.7
204.24,580.71,292.476,131.309,60.2566,-83.4422,-215.463,-230.732,75267.1
201.831,573.601,0.51707,323.895,126.329,62.1433,-82.9838,-215.154,75237
200.128,641.793,-250.385,11.6949,338.094,122.997,67.5659,-83.8371,75158.9
199.305,788.713,-230.256,-244.04,20.8433,335.233,115.967,69.3489,74914.9
196.452,780.782,-93.6461,-208.484,-241.232,21.451,340.878,106.018,75101.2
191.406,756.97,51.944,-84.3971,-199.275,-236.706,15.3835,349.981,75259.8
189.608,642.857,86.8934,64.4769,-85.161,-201.148,-218.429,4.57123,75129
189.415,464.201,304.096,130.072,72.3127,-93.6444,-204.942,-212.876,75291.5
183.849,526.485,-25.0079,329.615,136.28,72.0778,-107.34,-200.348,75161.5
183.796,609.278,-219.021,-15.3712,337.674,130.586,79.7756,-109.584,75199
185.254,744.533,-215.383,-218.542,-21.614,336.778,150.224,67.964,75102.5
184.35,799.446,-119.566,-197.693,-216.819,-12.7803,321.552,155.496,75173.4
183.272,741.712,47.678,-94.1752,-205.184,-222.308,-0.732372,319.896,75363.3
181.181,747.056,142.259,58.2552,-99.8498,-209.628,-221.289,4.14488,75191.3
178.601,600.628,292.249,158.508,58.1464,-93.5349,-200.95,-225.442,75108.4
176.076,580.378,-12.3162,296.457,165.808,62.9367,-103.601,-195.792,75287.2
172.515,683.552,-218.475,-11.7516,312.649,159.284,55.693,-100.542,75027.3
172.931,857.099,-198.919,-212.935,-19.5422,319.053,171.917,55.8538,75024.5
170.612,914.579,-128.954,-191.24,-194.32,-7.50474,307.968,159.664,75174.2
168.87,910.586,34.5925,-125.126,-183.293,-188.304,-13.9345,316.943,75076
167.172,791.77,132.636,60.8152,-127.194,-186.944,-190.96,-20.6301,75121
165.983,698.7,295.185,151.351,54.3555,-112.098,-179.037,-200.034,75177.7
165.567,655.153,-42.1291,317.856,161.065,46.8092,-108.612,-187.015,75219.4
166.866,741.923,-210.276,-25.6625,318.46,175.704,36.5567,-97.0505,75189.6
165.202,1020.84,-191.363,-215.784,-28.3915,320.031,176.461,40.9575,75252.9
162.322,887.679,-128.05,-166.492,-210.654,-30.1039,317.159,169.681,75140.7
161.196,1011.08,62.2873,-146.005,-153.569,-209.158,-31.5453,312.005,75438.4
162.54,1067.67,163.656,77.6814,-156.281,-158.341,-210.731,-27.1355,75216
163.63,1071.62,279.891,177.006,90.743,-152.158,-151.504,-224.36,75402
165.143,1070.65,-41.3656,298.189,174.7,93.8191,-145.397,-155.928,75125.2
165.609,1101.03,-255.689,-31.2655,298.358,164.512,104.679,-133.321,75299.3
166.493,1300.01,-125.626,-271.516,-40.5302,305.527,160.156,106.402,75345.9
164.84,1623.47,-121.693,-141.811,-256.122,-49.8067,294.739,171.965,75471.5
166.116,1658.64,72.8599,-107.604,-137.769,-251.584,-45.761,298.899,75240.5
163.625,1618.91,156.556,98.2801,-93.5755,-145.684,-254.703,-43.8207,75383
160.405,1606.88,246.036,169.88,113.752,-98.146,-143.271,-250.714,75180.7
158.275,1640.11,-64.6371,247.96,159.013,133.92,-95.2674,-150.641,75033
154.285,1475.57,-287.35,-39.869,254.639,156.052,150.063,-91.8507,75266.1
153.675,1762.79,-134.266,-282.26,-49.3619,241.584,151.884,150.705,75173.3
153.951,2157.69,-65.7363,-132.902,-290.606,-49.9095,221.712,165.923,75073.6
153.206,2266.02,137.246,-63.8312,-136.599,-287.72,-39.7618,213.869,75280.8
151.556,2263,160.308,151.916,-55.2508,-135.16,-287.611,-52.9323,75253.9
150.785,2325.72,216.906,163.8,163.155,-55.959,-145.92,-287.02,75308.4
150.235,2263.83,-72.8021,224.299,162.817,180.513,-61.6119,-151.05,75174.4
147.81,2035.74,-318.934,-51.55,222.939,162.604,189.967,-59.2521,75210
139.154,1644.65,-194.66,-278.234,-47.7431,219.96,147.682,188.394,75178.4
137.102,1893.53,-23.7527,-201.694,-260.669,-55.8336,222.169,140.621,75214.4
139.143,2186.26,199.09,-23.5582,-202.954,-263.089,-64.195,223.054,75355.7
141.033,2323.67,137.243,192.094,-19.4643,-206.335,-254.257,-78.9763,75326.7
140.795,2419.59,231.088,134.582,196.967,-31.4507,-203.519,-260.951,75279.4
138.99,2303.76,-94.1024,250.59,137.318,203.807,-29.441,-208.426,75096.3
135.576,1983.06,-320.329,-80.966,269.66,152.193,210.84,-30.4084,75203.9
137.071,2177.67,-187.072,-327.405,-78.3423,279.056,140.207,212.891,75237.7
138.355,2411.93,-33.0051,-182.022,-333.761,-70.1962,283.796,136.478,75208.8
136.235,2376.04,178.486,-18.6695,-190.162,-345.201,-76.1945,298.697,75454.3
138.026,2367.14,127.561,195.383,-19.5946,-194.381,-341.88,-66.3246,75343.1
135.303,2293.67,274.547,144.787,204.106,-23.1994,-190.693,-344.977,75121.7
134.873,2147.22,-72.4586,282.758,147.007,199.528,-24.8286,-182.683,75154.1
134.004,2048.45,-394.06,-50.9112,297.427,137.033,206.491,-24.353,75427
130.042,2268.31,-164.347,-399.85,-43.3306,303.392,118.44,218.135,75370.7
129.744,2693.12,-4.59718,-172.494,-396.402,-49.3468,299.918,112.265,75192.7
128.268,2818.7,207.327,-14.0052,-176.765,-403.313,-47.0744,318.494,75346.6
124.981,2758.89,90.1541,230.167,-17.0266,-178.625,-405.896,-51.7198,75267.4
122.237,2749.27,308.986,93.3971,243.809,-4.09724,-174.547,-408.641,75250.2
119.212,2598.24,-73.9032,313.315,95.7966,243.336,-0.592024,-178.531,75135.9
112.898,2376.31,-449.126,-43.6647,312.493,97.4088,251.252,7.01753,75113.8
115.881,2535.8,-175.647,-441.003,-41.4346,308.946,99.3339,244.784,75227.2
119.178,2860.51,22.0125,-189.372,-445.105,-44.2781,316.72,98.1332,75096.9
116.993,2951.66,243.797,29.2429,-191.131,-458.591,-35.428,312.091,75168.2
111.34,2864.22,80.7358,258.732,22.9482,-190.163,-459.905,-30.5568,75084.4
109.661,2812.49,296.445,85.3114,277.165,21.4291,-193.601,-459.424,75222.9
107.797,2594.5,-65.5634,316.391,90.4153,282.817,31.5398,-203.036,74942.6
105.45,2441.54,-486.562,-39.1241,314.54,94.728,289.057,26.4879,75077
109.667,2778.28,-185.829,-493.104,-42.523,319.131,95.5267,290.238,74995.2
110.735,3057.23,55.2816,-210.206,-488.28,-37.7928,305.222,89.0469,75145.4
113.75,3354.8,328.265,46.606,-219.928,-492.917,-36.9971,305.684,75256.8
112.346,3719.91,88.4156,314.366,49.7111,-234.348,-487.688,-36.5171,75190.6
111.84,3589.09,256.409,100.231,318.419,58.879,-233.924,-472.773,75128
104.899,3249.36,-87.3852,292.647,108.627,315.612,53.1775,-236.304,75149.5
101.016,3060.24,-479.122,-59.5602,295.586,114.354,318.546,41.9272,75253.8
104.446,3528.17,-185.076,-513.21,-58.258,284.522,122.656,322.391,75267.3
103.083,3733.01,37.3371,-199.268,-517.455,-47.7596,284.054,122.999,75323.4
108.277,4040.87,347.016,17.3033,-201.526,-530.506,-44.7458,284.428,75090.8
105.625,3546.09,60.4403,383.029,25.5444,-193.122,-529.111,-43.8916,75063.6
101.38,3083.17,236.119,95.3858,389.497,33.7821,-199.667,-512.358,75142.2
101.46,3175.86,-23.5072,228.525,83.3595,389.545,34.3324,-206.207,75326.3
104.422,3630.36,-473.636,-44.0157,232.267,79.4455,384.98,36.4215,75284.1
113.371,4561.26,-115.464,-546.159,-51.9795,231.828,66.5074,386.884,74898.5
117.256,5487.35,130.6,-174.056,-560.365,-48.5077,231.644,62.0306,74953.5
128.698,6701.59,480.958,50.7187,-184.213,-565.291,-49.37,238.673,74984.2
131.304,7575.7,92.8151,419.522,54.5844,-192.33,-565.526,-37.2555,75051.9
128.943,7427.62,200.575,116.788,421.543,49.6637,-194.568,-551.382,75311
124.617,6727.47,-131.967,257.252,124.22,419.589,58.8133,-196.838,75093.2
116.506,6041.17,-632.787,-60.2602,267.612,119.123,422.486,72.7857,75005.6
108.324,5340.98,-267.466,-568.575,-68.1706,286.791,118.966,418.537,74944.2
109.438,5771.47,115.535,-289.56,-570.697,-77.7786,297.236,110.504,75289.6
111.674,6203.2,440.174,108.146,-299.83,-561.528,-97.1205,314.107,75356.6
111.498,6542.06,116.621,419.066,109.362,-297.282,-560.968,-102.202,75300.3
108.283,6653.87,321.523,123.161,420.408,99.4235,-294.563,-563.226,75201.7
101.403,6243.75,-159.235,370.493,115.845,420.395,97.7766,-298.578,75102.2
98.0786,5852.95,-608.764,-123.18,384.41,115.661,426.762,96.9896,75280.9
95.4957,5769.31,-332.972,-589.432,-119.175,387.673,114.046,417.299,75239.5
90.8159,5712.52,97.5154,-309.461,-579.848,-119.642,380.003,117.922,75484.8
87.6116,5521.48,372.037,124.274,-312.016,-579.029,-107.666,378.915,75267
83.4322,5047.26,59.322,433.472,124.674,-320.207,-571.886,-105.958,75131.3
76.6907,4623.97,319.259,95.3148,444.356,128.057,-329.626,-562.94,75261.7
75.668,4312.48,-135.878,345.597,93.0353,448.86,125.459,-331.12,75232.8
70.105,3718.85,-629.574,-79.2505,363.366,96.3634,447.318,125.206,75121.3
75.3164,3975.98,-302.592,-645.151,-80.0491,364.116,98.476,436.425,75264.9
68.8816,3926.43,106.322,-289.503,-637.691,-77.9493,361.966,97.1271,75286.2
67.0752,3816.18,412.834,131.659,-291.617,-643.326,-79.7543,357.295,75172.1
67.7512,3591.91,98.1383,433.625,133.148,-289.599,-643.674,-83.928,75049.5
66.2417,3274.4,298.318,122.058,448.883,134.683,-279.996,-648.911,75117.1
62.159,3029.76,-127.264,325.679,116.875,459.364,129.036,-258.537,75234.8
56.5595,2719.82,-688.166,-111.422,334.043,112.997,470.145,129.531,75122.3
55.1827,2635.77,-258.848,-686.772,-112.27,343.751,110.237,465.605,75218.7
54.2741,2568.86,109.264,-233.445,-692.405,-110.094,352.473,104.646,75204.8
55.6281,2328.31,437.637,128.495,-234.492,-692.684,-110.499,358.229,75257.7
52.8029,2328.25,105.817,456.477,116.127,-237.329,-694.544,-102.132,75153.1
49.2025,2081.33,342.676,115.036,464.821,112.101,-225.895,-705.736,75076.9
46.9869,1887.63,-136.112,362.824,122.406,473.616,109.677,-226.658,75249.7
45.1714,1925.41,-715.533,-136.843,370.408,120.051,479.973,109.161,75355.1
45.2049,1816.28,-234.185,-711.405,-147.542,378.231,110.702,491.866,75343.1
44.2743,1821.98,97.9712,-224.732,-702.963,-151.971,378.165,109.064,75308.4
42.6414,1468.54,462.68,127.884,-221.853,-720.996,-141.802,368.975,75104.8
41.5659,1254.41,108.796,480.623,132.209,-226.089,-724.157,-136.277,75168.6
41.5698,1094.02,354.641,116.015,482.689,130.042,-233.5,-730.486,75143.1
42.6507,1355.5,-92.166,331.245,118.85,476.982,136.797,-235.806,75140.9
41.9828,1620.54,-717.332,-102.586,315.838,130.086,480.089,129.037,75191.2
37.9892,1589.1,-247.905,-722.913,-93.6975,310.326,137.476,482.755,75030.1
34.6731,1461.21,106.906,-224.248,-718.509,-101.05,313.778,141.862,75093
30.988,1231.5,435.586,126.172,-221.466,-721.853,-97.2109,320.039,75187.8
28.0623,1216.05,143.274,458.252,124.699,-219.028,-719.489,-86.8426,75272
22.6761,1059.07,269.821,161.063,465.705,125.366,-205.189,-726.065,75060.9
19.9961,1087.1,-96.6046,264.231,159.97,470.29,124.048,-190.932,75063.7
25.2734,1305.28,-699.635,-119.069,263.156,168.489,469.001,116.023,75176.4
25.2488,1322.24,-200.633,-702.656,-117.899,260.921,172.781,460.555,75279
23.5249,976.549,84.4481,-169.724,-704.069,-113.965,258.823,169.064,75222.5
22.6426,778.928,426.78,126.887,-173.881,-701.864,-127.706,255.181,75292
20.4849,804.09,204.699,430.327,115.237,-174.215,-705.667,-118.048,75196.6
22.5337,877.37,243.998,211.996,422.74,128.583,-179.773,-700.856,75233.3
21.8784,996.759,-106.869,222.9,221.713,413.72,114.993,-179.574,75015.4
24.3853,1259.83,-649.769,-121.308,216.16,214.478,423.291,106.632,75167.9
25.2144,1122.01,-183.326,-639.604,-139.651,228.334,226.642,418.414,75167.7
23.2411,1111.25,100.579,-180.449,-635.675,-140.482,232.862,220.711,75198.7
20.55,914.481,366.053,125.069,-170.306,-653.028,-133.016,233.742,75285.4
21.9142,952.153,225.562,352.86,125.374,-171.391,-639.893,-137.007,75194.3
21.0135,832.112,231.232,225.386,366.269,122.36,-174.057,-629.217,75226.8
25.9185,1045.96,-118.865,214.334,220.398,366.641,118.459,-163.374,75178.8
29.7145,1183.77,-650.324,-131.822,216.97,229.032,370.477,114.721,75249.1
32.3595,1272.13,-155.926,-650.644,-140.745,216.658,240.834,365.195,75052.4
31.9529,1242.66,112.148,-153.858,-651.074,-137.118,219.699,238.685,75300.8
34.7766,1065.16,349.571,138.721,-145.144,-659.224,-150.189,222.908,75233.9
36.6017,1046.02,233.383,348.929,143.992,-147.668,-659.358,-149.147,75127.2
38.5389,1069.07,242.352,231.884,341.132,137.074,-145.005,-664.4,75296.9
40.76,1054.28,-153.832,259.827,229.813,339.773,135.232,-145.256,75151.7
46.6448,1270.46,-660.723,-166.733,282.979,216.409,336.955,125.688,75318.1
47.6716,1276.47,-129.877,-661.726,-162.477,289.713,209.095,341.862,75208.4
50.9857,1433.7,118.427,-136.21,-665.504,-164.508,301.958,206.516,75244.5
49.3922,1317.31,320.3,133.183,-131.835,-668.828,-156.59,292.99,75339.8
49.2164,1304.65,201.916,346.211,129.726,-146.021,-653.671,-160.259,75362.2
48.6462,1308.93,269.368,213.385,351.056,131.992,-155.038,-641.953,75108.5
50.3503,1284.74,-182.453,267.303,218.804,337.454,139.371,-147.147,75332.8
49.5255,1397.83,-620.566,-174.066,265.237,207.401,348.508,135.286,75403.5
52.1479,1590.47,-149.321,-622.827,-161.555,250.036,202.199,351.712,75200.3
50.5324,1701.28,147.414,-158.658,-609.393,-171.56,248.779,196.728,75144.7
47.4047,1646.71,329.486,167.509,-155.651,-599.095,-180.356,237.23,75327.1
45.8816,1757.03,212.499,341.577,163.837,-165.792,-592.083,-187.04,75297.4
43.3538,1823.95,224.405,215.61,336.475,171.256,-169.856,-594.319,75261.8
39.6988,1903.93,-182.667,212.329,213.206,339.85,182.184,-164.032,75360.7
37.3174,1931.16,-601.987,-192.083,218.799,206.571,348.686,185.159,75186.5
37.6105,2154.43,-148.649,-604.096,-198.781,225.011,210.292,342.763,75402.9
47.2648,2433.63,208.694,-182.599,-602.571,-193.361,240.274,204.578,75318.1
46.2704,2369.35,313.411,228.834,-190.404,-603.997,-182.044,233.551,75172.7
44.0605,2511.13,196.608,308.142,227.644,-188.183,-601.794,-179.94,75154.2
44.8356,2508.69,241.702,191.86,309.019,236.161,-193.129,-596.371,75216.6
46.6285,2588.28,-189.553,236.924,192.189,313.504,230.469,-180.537,75424
39.8168,2326.66,-641.381,-168.229,246.204,193.445,320.317,219.187,75188.4
40.6976,2665.81,-138.922,-644.916,-160.816,242.807,174.494,320.383,75159.5
43.8976,3026.04,247.146,-160.766,-647.809,-156.981,238.101,175.701,75362.4
45.661,3149.62,318.065,225.189,-152.434,-649.103,-164.587,245.37,75372.2
45.4659,3324.48,181.251,307.503,215.474,-150.384,-632.859,-168.898,75326.9
44.5558,3404.38,260.859,156.057,308.359,215.292,-144.845,-623.129,75112.2
40.8577,3153.84,-197.058,282.468,151.205,317.047,215.018,-140.587,75189.8
37.7253,2884.92,-668.97,-171.619,282.054,150.522,320.721,216.725,75164.1
42.1246,3290.27,-83.5685,-688.592,-172.62,274.878,137.364,326.464,75041.3
45.7488,3760.79,268.031,-107.208,-689.85,-182.423,268.879,133.136,75140.5
50.8027,4076.24,340.629,243.358,-104.574,-685.535,-189.873,272.475,75194
54.2786,4268.84,148.562,330.192,243.564,-92.1728,-689.414,-204.717,75096.4
57.3263,4464.21,276.496,146.466,339.349,240.35,-91.8372,-697.084,75210.7
59.3123,4400.01,-231.579,291.319,150.597,351.132,243.496,-94.3077,75231.8
55.7555,3914.3,-770.519,-171.268,283.808,161.061,350.568,231.574,75180.1
58.0174,4241.92,-63.5598,-784.513,-168.668,287.503,151.461,351.804,75285.9
62.1575,4738.39,285.774,-115.551,-799.545,-153.92,276.86,155.992,75222.7
64.7612,4992.27,379.875,265.724,-116.643,-804.406,-157.547,275.041,75155.6
63.2749,5012.92,145.204,394.075,279,-123.786,-804.431,-156.737,75077.2
65.8341,5267.06,276.117,130.213,391.326,279.289,-124.849,-807.084,75252.4
63.5565,4970.34,-182.683,300.311,140.254,391.045,269.125,-119.082,75246.5
57.8175,4473.21,-870.537,-116.746,304.083,146.426,385.315,262.074,74941.9
61.9187,4862.34,-67.1447,-908.359,-122.783,315.44,148.095,387.775,74876.8
67.0218,5260.31,295.039,-89.7559,-922.45,-119.764,308.798,146.019,75187.5
70.4799,5460.9,394.039,265.85,-70.4072,-927.319,-132.003,309.281,75314.5
67.7371,4922.21,84.0197,435.114,273.186,-62.458,-929.931,-134.845,74971.5
76.4348,5423.09,381.19,47.1232,427.204,271.927,-54.9597,-932.364,75168.1
80.6739,5785.48,-119.874,363.377,56.634,427.267,268.717,-62.1155,75110.9
80.5917,5587.07,-967.178,-100.596,369.008,64.558,423.483,266.921,75070.9
72.2204,4849.87,-152.976,-909.164,-94.8761,385.823,69.257,419.202,75003.1
63.5771,4231.67,204.019,-101.093,-897.694,-90.4272,371.809,70.7439,75110.3
60,4065.06,419.816,217.71,-93.9879,-903.243,-85.7789,367.432,75333.3
77.2625,5180.57,208.549,346.074,206.013,-101.452,-901.856,-104.734,74718.1
86.1752,6230.54,464.429,135.337,331.957,202.592,-106.611,-904.418,74799.3
86.1613,6516.14,-101.376,449.481,134.879,330.441,206.647,-109.163,75288.6
83.0286,6118.57,-965.829,-69.237,460.919,130.287,344.212,206.297,75192.7
84.2809,6288.71,-101.035,-974.406,-55.3129,456.22,133.263,332.073,75098.5
86.6914,6640.13,242.245,-123.265,-975.05,-62.5319,459.865,130.646,75169.2
85.6554,6614.33,320.361,242.409,-116.243,-967.594,-69.0171,462.97,75202.5
81.3917,6322.6,93.7709,343.374,257.855,-107.852,-971.58,-77.7379,75247.8
76.5856,6151.78,434.174,109.42,351.641,270.368,-133.191,-962.159,75220.1
73.1267,5687.3,-129.435,477.669,105.479,361.347,272.951,-131.015,75230.8
66.3743,5074.77,-1050.04,-74.6881,482.564,113.399,362.899,274.859,75038.1
67.0108,5262.11,-84.7407,-1061.68,-75.2409,483.967,107.136,361.951,75235.1
67.877,5435.29,285.206,-75.9873,-1064.98,-78.8031,472.809,98.704,75157.2
67.0572,5390.08,369.027,287.408,-67.2022,-1057.31,-84.3103,466.674,75227.4
68.4688,5321.41,52.1382,387.251,296.025,-59.2064,-1056.55,-91.4959,75259.4
63.451,4903.24,412.704,78.0708,399.131,286.786,-54.5833,-1051.89,75221.2
59.0647,4438.54,-124.474,442.467,86.8349,400.705,285.516,-50.5333,75164
56.8666,4063.31,-1082.45,-76.8444,435.409,90.5972,386.509,279.378,75040.4
57.2186,3978.84,-50.4475,-1058.45,-87.4476,432.145,72.9638,396.419,75103.5
60.6253,4186.57,312.014,-55.7012,-1061.6,-99.7759,438.599,74.6236,75216.2
59.1956,3978.2,363.075,319.909,-50.4477,-1050.26,-93.2105,425.102,75070
57.9784,3851.05,46.3575,389.972,316.812,-43.0855,-1043.13,-97.8604,75147.9
57.8846,3480.3,382.645,75.4418,400.416,322.963,-43.2532,-1045.07,75257.9
53.4689,3225.39,-137.882,415.816,86.7647,383.004,335.24,-36.9723,75420.8
50.6407,3048.32,-1084.28,-116.247,410.009,89.7914,384.504,346.946,75331.2
50.6937,2813.9,-62.2715,-1064.47,-102.047,411.505,76.8834,387.549,75161.8
52.0853,2730.86,349.647,-58.0803,-1081.54,-98.4758,426.26,74.8025,75192.5
49.3203,2574.39,378.744,343.545,-47.8737,-1084.59,-103.179,431.67,75287.5
48.2782,2549.73,81.2056,378.817,344.718,-43.6664,-1082,-105.847,75176
45.4398,2347.58,395.791,97.6716,376.379,342.293,-43.1471,-1086.31,75180.9
44.0896,2236.17,-105.334,407.757,117.739,377.616,346.533,-54.9502,75187.8
43.6647,2343.8,-1072.85,-118.153,397.806,123.179,371.638,344.416,75193.9
42.9462,2058.44,-69.7826,-1054.43,-120.347,395.912,126.11,368.02,75072.1
43.0918,1958.47,344.884,-56.4,-1059.66,-112.315,396.283,120.784,75282.3
41.4006,1835.83,347.108,347.488,-48.2683,-1058.55,-112.064,397.123,75263.4
44.8791,1850.84,134.301,340.616,338.668,-34.2324,-1062,-113.927,75402.7
41.5305,1664.08,394.347,140.921,336.316,338.554,-38.5357,-1056.09,75310.7
39.7265,1589.42,-132.305,405.526,145.005,335.465,330.421,-37.6375,75138.1
44.0235,1860.22,-1023.73,-139.735,395.079,142.045,342.971,330.811,75132.6
39.5176,1618.3,-76.5431,-996.008,-134.533,402.917,136.228,330.975,75160.7
40.3165,1461.76,320.774,-61.7191,-996.8,-129.141,400.703,132.617,75232.7
36.5447,1423.47,308.845,327.82,-52.413,-988.426,-122.69,399.935,75219
35.0058,1456,131.915,305.816,330.312,-50.6446,-977.766,-130.778,75145.1
30.8847,1268.9,374.516,148.061,308.759,328.625,-45.061,-993.881,75222.8
31.653,1389.91,-123.174,373.514,149.705,305.059,337.486,-46.824,75296.6
32.0821,1664.79,-957.117,-149.559,368.726,141.773,325.485,330.145,75155.8
31.6674,1587.61,-81.4961,-954.858,-145.68,383.554,143.099,325.992,75282.8
27.5015,1505.73,314.917,-53.9609,-953.564,-151.202,379.788,146.439,75165.3
25.966,1425.38,303.94,315.363,-49.1449,-952.175,-161.533,376.181,75266.8
28.732,1492,164.639,306.288,312.057,-38.789,-953.876,-164.433,75209.7
23.9781,1409.28,336.671,180.673,305.201,316.122,-34.1548,-963.877,75172.6
25.6308,1436.66,-129.836,336.111,179.21,306.14,321.282,-43.8618,75105.8
32.174,1765.06,-940.793,-137.161,333.963,163.586,304.28,327.923,75177.5
31.6142,1538.04,-83.1357,-930.057,-137.563,347.775,169.368,300.986,75343.8
31.5873,1503.56,343.502,-78.1251,-924.097,-146.602,337.118,165.459,75079.5
29.3229,1497.43,295.002,340.094,-77.9372,-919.87,-147.186,338.365,75163.9
31.6183,1587.25,181.496,299.616,342.006,-91.3664,-910.466,-160.715,75328.8
32.5418,1568.7,326.382,208.262,295.067,329.875,-90.2456,-913.145,75333.4
31.1475,1660.35,-170.03,327.39,213.399,288.292,339.738,-86.7705,75357.5
32.6429,1888.23,-902.679,-172.164,316.388,214.626,283.313,344.642,75090.7
26.5009,1795.05,-97.6614,-885.405,-176.836,318.285,222.762,278.972,75103.8
27.654,1816.54,346.615,-92.3627,-889.345,-172.744,309.958,209.599,75180.2
26.1325,1888.73,294.033,341.249,-93.0217,-877.088,-169.09,301.535,75198.1
23.9968,1980.63,201.981,297.721,350.13,-89.2717,-873.099,-180.507,75226.1
19.4616,2117.36,303.373,192.843,294.522,355.949,-83.3311,-877.965,75244.9
19.6063,2141.77,-189.539,299.653,191.748,294.629,351.518,-71.569,75239.7
22.8007,2253.6,-864.082,-207.478,295.151,184.788,289.205,358.698,75172.9
22.3683,2373.52,-45.9814,-868.188,-214.202,291.446,192.61,286.317,75275.7
26.4747,2620.24,395.471,-77.2349,-864.145,-215.302,288.983,185.857,75356.2
29.1228,2946.38,317.109,380.413,-82.3859,-865.691,-211.804,278.055,75163.4
31.5614,3146.92,196.836,298.445,387.849,-86.3065,-863.504,-202.26,75390.9
32.6049,3403.94,284.973,173.714,299.143,381.693,-76.9862,-864.756,75216
31.9053,3301.13,-194.062,296.673,176.918,291.802,372.486,-84.3215,75010.9
32.6856,3273.71,-875.465,-192.44,302.833,169.344,305.834,371.943,75226.6
37.5347,3596.45,-48.1229,-895.955,-196.465,291.319,162.715,300.99,74992.8
46.3706,4142.77,447.56,-88.8581,-892.693,-209.679,292.772,151.394,75174.1
50.2423,4741.1,365.925,405.44,-92.8504,-891.158,-212.036,281.48,75079.1
48.4341,4343.81,100.101,399.807,405.603,-87.9056,-882.422,-219.789,75198.8
38.7137,3728.98,194.699,164.199,406.609,406.289,-79.7643,-892.977,75075.6
47.0894,4594.39,-86.4762,133.832,154.534,399.292,394.723,-87.5658,74943.7
54.5002,5199.37,-839.47,-128.68,125.657,148.695,405.412,385.014,75333.6
68.0079,6735.52,88.4494,-941.676,-149.223,115.449,144.391,385.408,74413.5
83.2538,8257.15,522.708,-16.4418,-959.531,-163.014,121.788,137.11,74522.1
94.3298,9527.08,496.71,445.026,-36.6947,-953.512,-176.868,112.734,74975.3
102.207,10285.3,172.526,461.499,430.983,-34.7797,-945.941,-189.306,75136.4
106.769,11527.7,239.631,82.5431,459.004,434.948,-48.5281,-940.255,74790.3
100.516,10978.4,-327.049,292.924,85.5721,463.812,443.346,-44.2086,75068
89.0196,10085.4,-1049.32,-242.905,305.086,95.5932,452.203,447.396,74937.4
99.189,11355.4,127.322,-1131.67,-249.747,293.848,91.1615,446.653,74721.7
113.343,12901.5,597.112,3.60961,-1136.94,-263.748,294.223,92.8265,74739.6
123.844,14133.8,541.628,525.428,-10.8945,-1138.54,-261.692,285.493,74908.8
136.288,15135.3,154.283,486.197,515.526,-15.8314,-1137.2,-258.183,75134.5
137.772,15411.8,284.343,145.67,471.817,523.259,-29.3929,-1122.65,75393.9
134.351,15130.2,-325.417,318.691,149.928,466.775,536.988,-40.4129,75197.3
116.162,14038.2,-1245.08,-223.894,342.276,145.664,467.307,533.544,74724.7
97.5259,12125.8,-245.936,-1097.85,-185.608,351.998,143.365,468.149,74166.5
114.919,14151.4,765.669,-396.932,-1124.93,-193.44,356.127,150.699,74435.3
140.923,16811.4,735.38,581.695,-443.276,-1132.66,-191.105,347.225,73294.3
161.348,18996.9,346.815,574.17,555.044,-446.653,-1126.06,-200.164,73981
166.582,19669.9,338.491,311.59,565.905,562.372,-452.807,-1132.62,75180.1
156.356,18758.1,-299.21,405.888,324.056,577.084,559.211,-453.324,74778.9
139.985,17287,-1309.06,-184.896,436.715,344.697,583.452,559.128,74443.9
160.521,19250.8,-214.289,-1441.44,-213.362,423.32,330.364,588.232,74159.3
183.333,21894.4,793.298,-407.393,-1462.61,-229.371,426.102,326.378,73499.8
199.027,23671.8,748.959,688.245,-428.891,-1462.45,-234.571,404.005,74362.3
213.001,24963,406.388,655.8,679.686,-423.005,-1470.09,-229.577,74880.6
215.258,25258.2,378.166,408.401,657.322,682.581,-418.791,-1478.28,75099.7
198.758,23728.5,-431.743,504.586,439.523,677.734,687.296,-415.191,74428.3
166.812,20761.8,-1861.3,-184.564,551.411,444.912,692.057,698.107,72168.9
172.475,21590.7,-266.888,-1915.51,-192.321,560.051,439.064,684.546,75110.8
184.319,22878.9,821.345,-352.149,-1925.79,-201.052,564.825,426.904,74830
190.639,23859,734.999,767.635,-361.764,-1923.57,-199.743,572.972,75045
189.759,23969.3,387.002,741.315,771.819,-354.199,-1918.64,-213.868,75340
177.06,23024.4,455.421,477.016,761.995,769.466,-365.572,-1905.17,74821.2
156.934,21012.3,-455.837,629.689,507.279,776.25,768.522,-359.954,73897.1
126.815,17806.2,-2258.97,-208.464,683.752,516.269,791.008,771.734,72141.5
130.716,18040.5,-315.606,-2253.5,-198.197,686.371,523.309,780.228,75230.3
137.598,18801.7,847.042,-373.467,-2264.77,-188.748,688.23,514.589,75148
131.835,18035.2,674.992,906.628,-361.022,-2265.01,-184.474,686.744,74931.4
120.328,17003.9,398.389,764.933,923.158,-372.358,-2259.96,-174.477,74844.8
111.606,16040.3,588.364,497.638,779.533,929.109,-378.209,-2260.06,74906.9
93.8088,14325.6,-363.32,712.148,508.282,801.653,931.956,-379.59,74161.8
70.6365,12045.1,-2482.26,-188.892,736.637,503.406,817.441,937.436,73485.1
63.6838,11386.5,-397.68,-2417.78,-178.464,744.229,491.212,825.616,75071.3
64.0149,11416.3,929.706,-401.657,-2433.02,-174.758,751.831,499.238,75259.1
56.6611,10360.6,674.943,1020.26,-384.125,-2423.03,-178.504,757.946,75017.4
45.4003,9182.41,411.086,754.9,1039.99,-386.825,-2405.37,-181.024,75084.2
35.5615,8476.52,695.151,466.476,781.29,1041.66,-389.93,-2405.33,75208.7
20.7674,7430.35,-310.334,768.086,488.227,785.928,1049.21,-392.97,74886.7
11.0048,6352.42,-2505.24,-235.828,792.075,497.619,781.764,1048.33,74693.3
16.1337,6749.99,-344.083,-2524.04,-242.758,789.808,488.418,772.209,75126.1
12.937,6230.1,991.439,-306.659,-2510.88,-235.296,774.389,500.593,75179.1
4.28799,5316.5,672.435,1060.85,-292.474,-2492.78,-239.555,763.494,75142.1
-2.14001,4687.14,458.386,713.781,1063.95,-294.167,-2490.47,-238.392,75138.3
-7.0876,4130.41,741.59,497.848,716.687,1069.73,-291.649,-2494.94,75079.2
-12.0199,3789.75,-291.137,763.791,513.138,722.851,1073.22,-290.011,75256
-6.22646,4160.41,-2452.61,-336.479,751.807,506.564,726.628,1086.65,75205.6
-22.0952,2726.96,-452.3,-2348.25,-316.585,776.599,502.601,728.467,74565.5
-24.3412,2586.9,1090.99,-439.841,-2347.17,-323.662,779.343,514.051,75136.5
-21.6293,2865.13,769.568,1067.99,-438.935,-2348.61,-336.561,781.424,75059.8
-28.9862,1842.48,375.782,849.929,1068.13,-427.703,-2332.95,-329.349,75010.3
-30.518,1847.23,802.334,375.973,845.048,1067.74,-418.635,-2343.43,75329.8
-32.7452,2152.28,-286.767,766.037,377.071,834.491,1070.63,-413.926,75206.8
-25.0611,2862.87,-2271.58,-334.876,756.842,373.153,830.287,1083.2,75182.7
-25.5698,2547.21,-464.843,-2249.63,-337.364,761.334,384.416,818.505,75041.3
-31.643,1611.6,981.69,-396.819,-2238.95,-339.116,778.385,381.797,75149.4
-37.6106,1082.5,767.624,1027.86,-397.408,-2237.88,-338.295,763.842,75048.8
-39.5169,988.043,412.575,774.216,1034.15,-401.434,-2235.98,-341.005,75381.7
-42.204,731.947,719.983,445.463,784.976,1027.74,-408.239,-2235.74,75015.5
-39.8846,992.429,-301.916,685.66,447.72,792.66,1014.55,-410.512,75083.9
-31.2365,1993.83,-2113.26,-376.537,670.72,445.16,801.539,1003.11,74831.2
-35.7286,1739.45,-458.481,-2092.09,-381.145,683.445,443.416,808.653,75151.2
-42.6261,816.761,891.849,-400.508,-2066.66,-380.227,685.389,446.83,74990.1
-47.1428,380.692,789.288,907.819,-382.215,-2063.99,-388.413,694.474,75141.4
-46.1988,361.519,423.223,787.189,908.434,-361.055,-2074.68,-382.312,75345.1
-47.076,169.06,664.982,438.291,804.629,910.5,-366.447,-2081.33,75269.8
-38.9278,647.384,-300.29,630.991,412.259,812.391,890.766,-369.549,74966.9
-28.6969,1620.93,-1968.38,-377.221,624.782,404.689,807.29,885.674,74797.7
-29.5316,1258.03,-413.804,-1951.17,-377.76,620.35,417.465,812.304,75156.2
-36.9234,377.421,797.41,-330.756,-1940.08,-375.447,608.966,408.529,74825.5
-40.1413,49.0037,795.658,829.02,-321.462,-1944.51,-376.988,607.029,75177.9
-38.1889,105.377,413.433,781.247,833.068,-308.21,-1937.04,-385.031,75237.9
-42.3733,-7.50677,590.036,429.32,770.173,836.733,-309.673,-1949.48,75218.3
-39.0169,382.672,-306.674,555.033,425.02,758.181,829.776,-311.715,75080.6
-23.9183,1408.83,-1832.98,-365.709,536.079,418.808,745.185,824.545,74902.6
-23.1338,1039.01,-363.595,-1805.87,-356.963,533.037,418.265,745.283,75278.8
-34.1904,211.269,733.833,-298.037,-1790.48,-348.893,518.387,421.881,75050.8
-36.3469,-207.595,711.596,752.562,-285.328,-1781.64,-338.229,503.656,75114.3
-34.5556,-173.309,442.68,709.217,761.871,-283.107,-1801.26,-320.135,75270.4
-38.1022,-192.057,482.805,451.017,699.877,753.601,-272.115,-1817.64,74995.7
-34.6614,199.261,-237.161,441.196,449.481,699.749,751.67,-270.724,74945.2
-24.1861,1213.15,-1703.66,-328.962,428.046,452.982,701.057,749.595,74941.4
-32.2388,864.581,-338.537,-1663.48,-317.598,422.139,449.607,694.528,75156.7
-44.5405,97.8233,651.059,-269.194,-1657.03,-306.158,402.877,460.934,75169.1
-46.6889,-170.341,697.283,667.732,-261.557,-1668.53,-307.972,417.263,75399.3
-42.7949,-128.816,467.064,678.478,671.108,-255.81,-1681.56,-285.189,75306.2
-39.9112,-157.921,419.305,456.634,684.334,673.741,-254.71,-1691.49,75423.9
-34.5848,225.657,-239.445,388.186,457.359,694.357,657.333,-243.11,75029.8
-24.269,1146.87,-1607.2,-299.913,359.308,451.033,695.522,662.224,74930.7
-28.2726,782.37,-308.536,-1573.86,-288.601,361.718,452.844,695.5,75038.1
-34.254,110.607,574.232,-256.342,-1550.68,-284.277,360.774,448.841,75023.7
-34.5708,-318.991,670.776,595.024,-240.668,-1546.64,-293.602,362.1,75163.5
-33.6133,-225.175,464.878,665.398,591.821,-231.916,-1553.85,-292.532,75233.3
-32.3053,-141.837,367.235,465.359,662.324,584.833,-239.612,-1549.44,75131.6
-32.197,194.133,-261.788,360.29,458.237,664.368,580.46,-243.476,75064.1
-20.4743,997.112,-1445.91,-331.327,359.257,442.141,663.482,578.315,74890.7
-19.9584,694.369,-307.025,-1413.2,-327.445,359.888,439.984,661.879,75148.4
-21.9119,50.3533,521.211,-264.747,-1401.62,-318.405,355.066,437.746,75025.3
-25.8574,-249.979,638.563,537.655,-247.752,-1396.11,-328.117,360.355,75235.9
-27.6085,-279.25,428.946,642.421,537.335,-236.752,-1392.48,-332.436,75489.8
-27.2756,-247.347,374.768,420.323,651.686,552.415,-257.012,-1394.37,75350.6
-24.6821,133.55,-287.369,345.609,412.709,645.918,540.846,-257.205,74991.3
-19.4039,877.293,-1312.84,-332.933,335.877,410.599,627.565,533.073,75010.9
-24.1907,572.896,-300.917,-1286.27,-326.656,349.374,407.697,620.51,75178.5
-29.0597,42.6149,464.302,-258.792,-1280.67,-328.983,356.833,410.514,75030.6
-30.0245,-268.443,608.812,478.222,-244.901,-1278.79,-328.613,351.855,75275.1
-28.0417,-259.705,411.346,607.841,473.966,-237.429,-1276.17,-328,75401.2
-23.3751,-308.962,351.824,405.381,602.873,482.529,-238.467,-1278.72,75380
-22.5766,117.136,-285.35,321.661,402.076,612.243,469.812,-249.554,75061.6
-13.8518,822.944,-1176.03,-344.946,317.316,392.033,625.629,462.721,74982.3
-18.746,597.832,-299.495,-1160.04,-349.889,321.642,390.765,639.415,75253.7
-21.5682,19.6089,385.042,-252.63,-1150.03,-349.862,316.547,396.6,75200.8
-27.748,-276.952,600.373,418.387,-251.044,-1140.97,-358.768,313.281,75214.6
-29.4952,-322.373,414.024,590.602,422.436,-253.736,-1133.21,-354.9,75282.1
-24.573,-240.254,341.323,410.413,583.054,422.332,-261.785,-1131.92,75342.3
-23.43,159.974,-325.594,314.602,408.228,582.372,426.473,-271.093,75061.7
-16.8337,702.656,-1057.19,-375.281,307.309,404.789,568.741,431.311,74972.9
-18.4361,520.139,-285.118,-1055.7,-375.996,308.623,407.611,569.972,75165.9
-26.9796,32.4346,369.975,-256.193,-1025.38,-373.415,316.425,385.872,75180.5
-28.4196,-265.837,544.103,393.137,-247.234,-1028.11,-370.565,315.253,75224.4
-30.3367,-263.994,391.486,547.378,384.771,-252.865,-1010.81,-366.962,75413.5
-28.1999,-269.777,336.738,379.882,547.013,384.999,-257.041,-1010.49,75280.7
-22.8287,166.275,-339.732,310.04,380.991,538.762,376.163,-254.819,75269.6
-17.6883,695.383,-946.751,-377.87,306.137,364.293,538.941,383.947,75233
-21.238,513.184,-295.142,-916.247,-373.452,299.978,363.349,535.812,75437.8
-22.3299,80.2389,338.313,-262.39,-915.059,-364.62,307.984,352.142,75026.4
-28.5253,-204.523,516.313,350.826,-257.994,-903.703,-355.155,302.941,75394.7
-27.3261,-222.724,341.882,518.523,347.03,-253.763,-897.42,-354.096,75558.5
-27.4506,-203.415,306.61,336.721,516.68,360.349,-260.451,-904.335,75327.9
-25.4256,211.377,-314.086,282.399,330.856,505.152,365.417,-266.384,75223.8
-18.4389,623.089,-848.035,-356.12,289.79,319.553,500.066,361.018,75390.7
-17.0288,503.934,-277.683,-838.471,-353.646,289.309,323.113,497.936,75215.3
-19.4774,89.3115,315.056,-239.587,-840.904,-353.944,292.661,320.018,74928.6
-20.9006,-206.701,487.236,340.578,-243.936,-836.581,-361.086,298.038,75395.2
-14.7465,-155.779,312.973,485.879,331.436,-234.659,-836.467,-360.033,75351.9
-7.03158,-92.9301,316.952,305.044,483.342,332.635,-243.024,-837.565,75217.9
-3.07729,273.626,-314.796,294.623,312.752,478.709,341.515,-259.547,75104.9
0.0916828,671.85,-819.246,-334.669,288.533,316.81,468.13,340.403,75236.9
-0.506951,556.899,-259.161,-833.842,-331.468,281.312,315.71,482.452,75260.6
-5.96752,150.398,307.862,-235.737,-830.222,-324.046,276.051,316.829,75230.3
-7.91456,-84.2733,472.905,314.667,-243.421,-828.394,-333.403,291.941,75302.3
-7.38913,-102.76,340.589,466.851,313.534,-241.745,-823.149,-345.156,75321.2
-4.83112,-51.6186,322.071,337.445,440.902,306.506,-234.4,-823.823,75303.7
-1.69919,318.046,-305.971,292.495,345.78,437.56,300.148,-227.772,75032.1
2.73716,716.336,-789.761,-349.347,293.33,348.265,435.191,302.356,75134.5
2.14963,623.047,-246.726,-780.866,-344.947,292.174,349.777,438.842,75183.2
-2.77034,354.153,257.599,-222.616,-771.864,-348.31,289.978,348.886,75018.2
-3.34632,127.652,422.933,263.375,-227.556,-775.794,-334.34,302.916,75243.9
-2.25403,133.11,341.575,427.468,265.021,-226.495,-780.198,-332.168,75262.5
-2.48541,113.119,322.956,329.909,429.55,259.668,-222.19,-777.16,75307.1
2.53804,495.975,-309.207,304.354,322.914,427.916,259.648,-224.113,75106.2
6.86483,1147.48,-726.891,-345.002,298.797,323.7,415.33,263.227,74930.2
8.13571,1257.45,-213.469,-739.276,-328.771,291.699,318.612,422.884,75238.6
15.3668,2034.25,322.742,-263.351,-754.65,-327.101,275.677,326.546,74903.4
27.1713,3241.99,558.854,243.878,-273.273,-764.155,-326.028,274.015,74808.2
42.7468,4993.09,516.713,417.392,221.001,-287.953,-756.474,-332.123,74338.1
68.4349,7035.37,460.427,361.92,397.59,224.559,-308.362,-760.321,74056.9
73.2562,7931.47,-274.546,413.973,343.092,398.489,214.887,-310.719,75006.8
62.2299,7122.72,-874.764,-205.888,432.975,329.771,402.524,213.847,74953.3
58.4237,6482.63,-386.078,-820.893,-197.173,440.279,336.113,401.674,75040.7
113.698,11762,822.923,-771.571,-886.285,-203.565,436.456,315.995,67655.8
161.13,17089.7,905.96,430.461,-841.439,-907.991,-215.863,425.494,67734.7
192.13,21100,656.215,596.403,380.35,-849.969,-909.724,-215.943,71094
237.663,26031,875.322,304.846,529.182,371.772,-841.998,-918.768,69186.4
241.82,26769.6,-267.795,842.477,300.988,525.428,370.7,-846.183,75316
185.187,21691.7,-1537.26,129.402,902.603,325.608,532.173,374.678,67382
295.874,33191.1,586.407,-2403.09,-57.9827,907.235,300.823,518.914,45814.9
390.859,42526.5,1193.98,-98.1522,-2512.58,-103.264,900.994,290.236,54531.7
445.278,48905.3,1029.18,724.154,-180.078,-2519.15,-128.94,896.058,65392.1
480.109,52732,577.74,775.199,674.428,-207.124,-2519.88,-127.907,71953
539.835,58929.6,1463.87,166.195,704.778,646.885,-202.441,-2542.81,66173
504.877,55944.6,-641.466,1739.91,215.974,732.687,643.107,-188.753,71826.2
380.562,43953.6,-3991.29,287.396,1910.21,299.37,709.156,680.539,40907.5
598.493,66774.5,2637.65,-5713.62,20.7446,1895.66,302.735,687.406,10823.6
671.525,75050.7,1042.16,2077.35,-5831.39,-6.47005,1891.05,291.018,59752.8
719.321,80953.7,1163.57,643.666,1998.2,-5857.78,-34.9784,1920.2,67548.5
734.586,83086.5,313.078,1067.16,623.813,1989.12,-5862.22,-35.2358,74556.1
795.402,90208.3,2613.31,-171.527,1002.39,604.211,1983.73,-5909.21,64330.3
709.843,83264.1,-1034.02,3162.15,-40.7227,1096.7,623.494,1976.25,59649.9
497.956,62172.4,-8268.39,549.588,3494.33,97.6831,1087.94,685.02,12197.8
737.633,85754.1,4894.9,-9852.19,166.931,3418.01,136.282,1010.03,9823.87
795.186,93109.2,981.29,4438.41,-9917.11,114.708,3408.96,107.044,63389.5
813.738,95573.1,1059.21,843.167,4414.15,-9925.79,118.89,3398.46,74443.5
807.672,94983,-94.2051,1166.02,874.678,4411.61,-9900.43,109.231,74616.3
810.86,96470.1,3493.5,-115.721,1166.19,871.315,4405.46,-9906.3,75330.3
671.161,83775.1,-1481.99,4440.31,141.039,1364.97,918.54,4355.35,36913.5
508.429,64655.3,-11685.9,-148.12,4605.37,406.466,1351.93,894.701,16622.5
720.602,85137.7,6789.44,-12995.8,-410.562,4460.35,376.426,1310.29,15763.7
758.908,91345.8,1068.26,6443.34,-13064.5,-448.768,4452.43,364.533,66894
758.411,91856,1167.02,1082.84,6438.53,-13060.9,-436.011,4437.83,74926.5
735.07,89210.3,-40.7339,1403.02,1139.25,6480.97,-13021.3,-463.88,71803.2
404.743,57361.4,1392.49,2324.99,1408.47,1290.7,6360.75,-13071.8,1275.98
490.631,68975.8,1623.77,566.751,2126.83,1157.17,1320.47,6436.06,45726.1
381.34,58106.5,-14263.8,2453.25,631.455,2293.13,941.131,1351.06,46375.2
600.538,78602,8471.08,-15344.3,2215.18,658.826,2252.93,879.015,15765
656.653,86081.1,1615.59,8052.17,-15396.3,2147.71,612.779,2319.37,62527.3
649.436,85728.1,526.566,1693.55,8040.78,-15398.3,2185.99,606.804,74592.5
579.241,76607.5,1193.9,1335,1729.74,8086.71,-15254.3,2033.41,51927.7
567.424,76186.9,792.83,1275.97,1332.31,1732.06,8069.31,-15251,75440.5
505.893,65341.4,769.963,1616.74,1353.59,1552.38,1662.14,8052.23,45241.7
416.852,52979.3,-16088.2,1700.98,1686.75,1417.97,1384.41,1642.21,40616.1
547.993,65645.3,9454.35,-16790.8,1547.34,1774.83,1359.22,1361.12,42550.6
607.203,75326.7,2263.07,8840.5,-16805.9,1500.34,1741.02,1402.22,54477
355.403,51044,-1897.57,4393.68,8962.58,-16775.8,1979.19,1326.77,6815.6
450.274,62079.8,3309.46,-2732.05,4274.2,8988.89,-16919.3,1985.75,48167.9
505.074,69151.8,1754.42,2861.28,-2672.25,4256.15,9020.52,-16931,63953
447.841,59039.2,505.884,2573.95,2908.98,-2552.47,4132.32,9049.96,48646.2
382.629,50681.8,-17361.8,1148.65,2594.97,2965.1,-2603.6,4058.14,56602.3
483.394,60508.8,10170.2,-17906.2,1009.8,2630.57,2913.18,-2590.63,53603.4
508.291,64624.8,4139.22,9951.26,-17902.2,985.542,2623.05,2901.33,71884.2
494.006,63784.9,-2858.56,4252.13,9954.35,-17891.2,1002.07,2596.04,74727.2
447.288,56993.7,2097.32,-2341.89,4337.93,9985.66,-17840.7,993.843,61125.5
436.256,56747.6,2704.39,2156.45,-2352.63,4335.29,9985.38,-17843.6,75447.1
395.538,49473.4,157.669,3278.02,2216.26,-2300.82,4256.05,10033.3,59868.1
339.825,43827.1,-18169.1,596.881,3299.48,2253.41,-2324.89,4207.79,65748.4
410.296,50134.3,10779.9,-18535.5,505.35,3323.36,2241.94,-2333.47,65440
440.589,55210.6,4521.7,10462.3,-18518.3,499.993,3308.47,2208.93,69533.4
446.486,55860,-2454.93,4502.11,10461.7,-18535.9,497.579,3330.19,75263.9
400.39,50206.6,1493.51,-2026.37,4587.58,10452.4,-18504.4,525.53,65109.9
387.784,49769.4,3377.55,1545.43,-2026.32,4590.18,10445.8,-18493.6,75041.4
357.027,44552.9,-54.3767,3786.45,1599.75,-2001.86,4529.87,10484.7,66742.1
329.117,41723.4,-18624.9,187.942,3793.92,1607.05,-2000.35,4504.98,73132.1
377.192,46223.1,10980.4,-18891.2,129.211,3809.45,1592.34,-1980.82,70250.1
398.547,49986.7,4708.27,10752.4,-18886.7,128.358,3810.24,1578.49,72517
393.785,50160.9,-2130.89,4731.59,10764,-18896.9,128.537,3822.37,75059.2
340.38,43663,803.738,-1629.06,4808.1,10750.6,-18869.4,164.502,62514
292.865,40475,3593.21,1071.38,-1642.77,4806.88,10725,-18838.4,72045
263.672,35982.3,-239.007,3957.28,1113.05,-1630.9,4773.98,10733.3,68991.9
274.893,37254.1,-18596.8,-326.036,3947.16,1111.73,-1619.68,4777.59,75341.1
38.5352,18331,8554.31,-17321,-44.0662,3862.93,1138.73,-1570.39,18104.8
177.353,35499.5,7249.84,7300.58,-17358.4,2.03,3867.78,906.718,24205.2
276.488,45206.6,-888.324,6522.74,7204.64,-17379.5,-89.457,3953.61,52890.4
257.901,43625.2,439.323,-742.762,6557.56,7208.72,-17370.1,-89.1875,74188.7
238.767,42418.3,3824.09,555.04,-738.771,6557.71,7205.99,-17368.8,74607.8
219.9,39336.5,-406.025,4096.07,580.621,-720.842,6511.75,7220.36,72282.7
206.352,37932.8,-17433.4,-295.114,4106.86,592.338,-717.83,6506.48,74870.5
258.239,43449,7807.83,-17763.6,-366.961,4111.17,600.555,-735.519,67587.4
277.879,45781.3,6584.54,7661.44,-17756,-380.865,4110.63,578.524,74204.5
296.032,48017.6,-579.999,6442.65,7649.03,-17766,-394.227,4128.21,73878.7
